timestamp,vibration,anomaly
1971-07-31 14:16:07,1.123752998845132,0
2005-03-14 10:30:43,1.0182331538116702,0
1984-11-11 06:24:31,1.1484857064167153,0
1978-07-28 23:13:39,1.0580084358335626,0
1992-07-09 06:47:12,0.9378116592994652,0
2011-06-15 04:29:32,0.9497179582041256,0
2023-05-17 05:29:08,1.0372893532401914,0
1995-04-02 23:15:37,1.1135735369062025,0
1996-09-01 02:17:28,0.9335020520908142,0
1978-08-21 23:05:58,0.9391852945514417,0
2011-11-13 18:25:08,2.296407744937126,1
2015-10-16 21:26:33,0.9063597422213332,0
1988-10-09 10:36:51,1.0234018165541905,0
2011-03-28 16:56:11,1.0927309690386535,0
2014-12-02 11:20:21,1.1051172012168113,0
1989-12-09 14:25:27,1.032399850227227,0
2023-07-07 05:34:32,1.0234724673085485,0
2010-04-04 17:47:46,1.1317605047720694,0
1994-08-31 20:18:06,0.9510833232592676,0
2023-09-15 02:43:41,3.4060801456181427,1
1996-05-05 02:30:09,1.0689291381580783,0
2021-03-13 02:21:07,0.9504859440544442,0
2012-04-01 20:26:58,1.0503479740952324,0
2013-12-13 23:36:52,0.9739561828035522,0
2003-01-18 19:45:36,1.0079313874113203,0
2019-02-22 16:20:22,0.9319071881959704,0
1976-01-03 12:42:27,0.8004711731200389,0
1970-05-15 01:29:46,0.9953291507481066,0
2001-01-27 18:54:49,1.0636311988465383,0
2021-12-30 06:37:08,1.0260815352759431,0
1982-05-05 08:32:31,0.8789819473939001,0
1991-02-03 15:19:31,1.0409084773943247,0
2011-05-15 07:18:56,0.7740262259425919,0
1976-07-15 14:55:13,1.1068640953363744,0
1976-04-27 11:36:53,0.8742201145411925,0
2003-08-26 00:10:07,0.8697298245062444,0
1987-03-07 01:44:15,0.9697551878593323,0
1981-01-02 08:51:57,0.9302628734621724,0
1998-09-24 00:22:44,0.8779183891964094,0
2016-11-23 07:31:44,1.1066589574141412,0
1996-01-22 02:04:21,0.9725971500378079,0
1971-11-08 17:07:18,1.089554958604659,0
1979-08-14 04:46:37,0.8782556377552266,0
2008-04-19 12:53:42,0.9128899700859389,0
1997-11-04 06:03:24,0.969107056840881,0
1981-08-23 23:31:52,1.062337430277118,0
1985-08-03 08:20:55,1.021460386845313,0
1995-07-13 19:02:16,1.042626499653417,0
1982-07-28 02:46:49,0.8323351241252653,0
2002-11-01 01:12:30,1.1245228731813561,0
1997-05-28 14:28:10,1.0482592352411175,0
2019-08-11 04:08:48,0.8710493011618594,0
1985-09-21 12:26:46,0.9352219907490058,0
1999-12-27 23:50:08,1.737230873281754,1
2010-11-08 03:06:49,0.8701092628082413,0
2015-09-05 20:16:11,1.1223173528829813,0
2024-07-06 04:32:29,0.852952301815817,0
2003-02-16 20:37:25,1.205505373018406,0
2006-11-27 22:23:29,1.7332002838360745,1
1981-08-23 07:57:00,1.0384954026205275,0
2011-02-15 10:57:17,0.8432830454608944,0
1979-07-20 11:44:32,1.0784472983409708,0
2023-03-04 21:41:34,0.9814003207322813,0
2009-09-12 09:58:15,0.9200784427055743,0
1997-06-02 17:57:57,1.139099656607443,0
2000-11-09 21:55:28,1.0827906759065098,0
1998-08-19 13:44:12,0.8860195079722312,0
1993-06-01 03:01:20,1.054995621626274,0
2025-04-23 04:05:03,1.0020735759235122,0
2000-02-16 15:06:11,0.7961552480869833,0
2004-04-22 00:01:52,1.0071003846742235,0
1989-10-08 20:27:31,1.084877680208876,0
1983-09-16 12:36:36,2.7134079787876324,1
1998-11-18 19:25:07,1.0243345248500317,0
2005-04-16 22:13:08,1.0213007728539296,0
1998-12-16 04:59:42,1.1066654212135272,0
1973-08-08 03:21:29,0.8899166380304715,0
1974-12-01 20:44:26,1.1222475595958354,0
1994-11-06 22:50:38,0.9619934127782666,0
1989-11-22 15:57:40,0.994817237049562,0
2011-03-02 19:22:23,1.0784598765198314,0
2015-04-20 19:27:52,0.9711728751495616,0
2022-08-22 19:41:36,1.0283790982481544,0
2001-12-04 14:06:14,1.0206744563836456,0
1984-06-16 16:53:26,1.6066434883088763,1
2022-02-13 06:39:28,0.8829351800805972,0
1978-09-23 14:47:58,1.21041858772021,0
2000-09-14 08:50:14,1.0141353674286515,0
2003-10-27 21:38:20,1.0006919682217321,0
2000-03-30 00:12:30,0.9273890957363659,0
2014-08-28 17:29:21,0.9752514265630647,0
1994-07-19 12:31:09,1.0719937904776222,0
1982-02-10 05:50:13,0.9683085680009846,0
1976-12-27 21:50:42,0.9551176547797768,0
1988-06-05 00:29:10,0.9251160205116546,0
2003-09-28 09:32:10,1.0699766120994771,0
2012-12-20 07:30:48,1.0193328673633801,0
2011-07-01 01:43:19,1.178442823395572,0
2002-10-27 02:52:26,1.0236015615784269,0
2005-10-23 09:33:42,1.0934616629434817,0
1979-04-27 05:39:30,1.0007945147188468,0
1975-05-10 00:16:20,0.9472405456116327,0
1985-01-19 21:54:43,0.9788573192802189,0
2018-12-22 22:58:29,0.8775611157453518,0
1974-03-21 01:03:31,0.89084114102476,0
2004-12-08 00:15:41,0.7532652840553512,0
2004-03-25 03:42:07,1.0808129951134797,0
1992-08-23 00:22:49,0.9955412219604163,0
1973-05-25 19:09:44,0.9015733095177394,0
1983-05-17 12:42:26,0.9775528918558076,0
2010-03-18 18:28:57,1.0808987964964674,0
1982-12-08 18:34:42,0.871860227317727,0
2015-08-21 01:50:31,0.9515687339363451,0
2002-11-29 05:34:21,0.8989098055149941,0
1971-04-15 04:42:25,1.2468723041556666,0
2013-08-09 10:31:27,0.9864054164743806,0
1992-12-24 07:03:19,1.084275059458497,0
2009-04-25 05:30:23,0.9971647531504441,0
1980-07-13 11:26:37,0.9771222224473428,0
2018-09-26 23:31:17,0.9824038758253426,0
2008-01-28 01:29:03,1.052344088399095,0
1972-05-10 19:30:51,0.7777287620130129,0
2013-06-27 00:52:10,1.0415641734453696,0
1970-04-21 23:07:06,0.8535777466262162,0
1992-09-19 20:04:57,1.067846357403096,0
2015-01-20 06:02:40,0.8786022155181986,0
1996-09-20 13:42:26,0.9939638025863923,0
2016-03-28 01:59:02,1.0242428112127095,0
1990-02-15 11:48:16,0.8499547429296017,0
2006-08-29 02:29:54,1.0983989605155349,0
1996-12-18 07:43:32,2.640977131513757,1
2015-09-15 17:34:53,2.955454619285439,1
2018-09-01 16:17:27,1.0372897004900365,0
2023-08-13 11:21:54,2.305410191502486,1
2001-04-08 22:19:38,1.0166483469081335,0
1988-12-19 00:59:38,0.8598672068970896,0
2018-02-03 22:48:57,1.130252591421809,0
1984-07-08 11:20:36,0.9482063092069004,0
1970-12-08 08:51:11,1.1444923293317806,0
1987-08-24 06:08:27,1.11745048541604,0
2022-11-17 00:31:09,1.019859436980272,0
1982-10-20 16:08:04,0.9385313155265682,0
1998-05-05 06:37:34,1.012941153208268,0
2007-01-02 18:22:12,0.9894614719065401,0
2001-05-31 07:02:38,1.1060289738295994,0
2017-04-09 16:52:10,1.0554577435097625,0
2016-03-18 16:38:21,1.072760107830992,0
1985-12-09 21:00:59,0.8952566564825603,0
1975-12-16 03:39:45,0.9878257565717894,0
2000-06-23 17:38:57,1.1616696863462281,0
2018-10-07 06:40:52,1.5990967550200395,1
1970-05-19 05:39:55,1.0310255468892264,0
1988-09-21 07:04:12,0.9529124298937733,0
2011-11-02 02:06:10,1.0478572007836005,0
1995-04-26 03:27:18,1.1362897276445243,0
1973-11-16 05:34:04,1.0023886072320387,0
2012-12-24 04:43:18,0.9243152735160134,0
1985-10-21 01:12:03,0.9145752223920333,0
1970-03-01 21:51:14,0.9915640372557784,0
2009-11-03 21:23:04,1.0488949697273189,0
2011-11-30 02:47:49,1.0435547128641878,0
2002-07-20 00:56:29,2.2653489391389527,1
2019-12-05 05:45:24,0.9846061432387728,0
1975-05-09 18:06:26,0.9597166752498374,0
2007-07-07 07:45:12,2.5259375093145287,1
1973-03-09 22:46:59,0.9667503869320792,0
1975-08-07 08:16:53,0.9300479351932256,0
2023-07-01 06:06:10,1.1144642854591786,0
2023-01-24 04:52:11,1.0066417302235193,0
1999-08-07 19:06:59,0.943353525676828,0
1977-04-11 16:56:26,0.9917009370767428,0
1992-05-22 00:47:47,0.972278994133145,0
1986-03-27 07:32:51,0.9607033627019249,0
2010-05-28 12:17:30,1.1533055630629097,0
1998-02-27 18:20:53,1.0020704941787077,0
1982-03-11 19:32:27,0.943285452085538,0
2007-03-28 10:08:49,1.204336117507626,0
2014-04-25 00:05:22,1.0480207359213034,0
2019-06-25 08:28:53,1.08954034098081,0
1979-06-11 02:34:48,0.9865381595035372,0
2006-06-20 05:08:25,1.0361939293020521,0
2002-10-25 22:21:45,0.7591831175959479,0
1977-02-03 14:02:19,1.1833889845434897,0
2014-01-03 11:25:35,1.2167029268336818,0
1981-04-20 14:34:52,1.1210234365051317,0
1998-05-14 11:51:25,0.9316527998266355,0
1972-02-10 10:12:23,1.0736225334219758,0
1972-02-03 06:52:42,1.012129896828969,0
2000-04-09 06:52:07,0.8395022860411026,0
1972-09-11 15:00:53,1.1659673539968443,0
1999-06-23 09:54:24,0.9249342811453086,0
1980-02-19 15:59:39,0.8942444862717543,0
2000-03-19 03:22:36,1.0544249965906984,0
2019-02-07 03:54:45,0.990027023227014,0
2008-06-25 02:14:19,1.0162111490417283,0
1974-01-06 11:38:46,2.1725006510861347,1
2015-10-19 22:11:48,0.9295474622247606,0
1996-02-17 08:02:04,1.7573786878132411,1
1976-04-03 18:50:11,0.9627853880994072,0
2015-09-09 11:53:15,0.9388643477527229,0
1970-12-02 14:08:25,1.110228875146162,0
2013-10-23 18:54:43,0.9922282497116099,0
1998-10-15 14:42:31,1.1668380157043259,0
1981-03-24 06:02:45,0.9332277121332786,0
2002-12-08 11:41:47,1.1268873933982657,0
1976-11-06 03:51:49,0.9757587617553868,0
2014-12-07 16:44:45,0.8410271640443227,0
2001-04-12 16:28:26,0.9921396447403259,0
1972-07-06 11:19:22,0.9501446215937451,0
1989-02-07 23:45:04,0.9642107746466009,0
1981-01-24 23:03:10,1.1374850572980737,0
1990-09-11 21:47:09,1.0040334551591965,0
1997-06-30 15:19:32,1.0790455010406421,0
2008-03-09 01:06:17,0.9390774415565237,0
1974-09-06 15:29:53,1.077379795331188,0
2024-07-01 15:00:30,1.0474114266909371,0
1986-05-08 23:32:42,0.9698175397758001,0
1975-08-11 08:58:41,0.9345250853438605,0
1979-10-22 18:12:53,0.8600924114323947,0
1995-08-20 13:29:21,1.0791242188699022,0
1982-06-30 11:00:38,1.827304538660315,1
1999-09-17 15:46:11,1.0056059277470915,0
2014-07-05 01:00:22,0.9273612764269286,0
1996-03-22 08:56:12,0.9860167167574476,0
1991-06-29 00:49:09,1.0199046761801212,0
2022-09-25 12:43:55,1.0101723174265833,0
2005-11-10 12:58:38,3.2588638557765224,1
2023-01-17 07:10:45,1.0315280422272486,0
2013-03-24 20:47:13,0.9261363391187328,0
2019-02-07 03:00:48,0.9049431810490369,0
2009-06-05 07:49:08,0.9927758100383399,0
2018-10-28 10:37:39,1.0405499185335305,0
1990-02-08 04:01:55,2.0538099727523207,1
2003-01-11 13:38:35,1.2324805916509587,0
2000-06-04 15:58:34,0.9648870461750375,0
1997-05-08 08:42:19,0.9558213591461626,0
1981-10-16 15:59:43,0.9539882973707585,0
1975-09-18 00:44:34,0.983763906771703,0
2024-08-13 16:18:04,0.9362021862720794,0
1985-09-26 13:37:49,0.8285128581825146,0
2022-07-27 17:38:15,1.0793943656796505,0
2009-08-10 03:49:56,0.9024921346321912,0
2017-05-23 15:37:05,2.09528590023697,1
1990-11-05 09:47:06,1.124717063627111,0
1983-07-07 12:03:11,1.0515575025667232,0
1982-06-30 02:22:54,0.8664471950878678,0
2022-02-27 05:46:06,1.0167395539180213,0
1974-06-27 03:24:20,1.1530982161472667,0
1994-06-06 14:43:54,0.9698384129667257,0
2018-12-10 15:03:08,1.0035549162613762,0
1974-09-21 03:09:01,0.9957410591074841,0
2015-03-31 07:00:36,0.8966948385857731,0
1996-02-03 13:12:56,0.8623471311234194,0
1982-05-06 09:31:45,1.1169197409487983,0
2021-01-18 13:44:13,1.0086474960161724,0
1999-01-06 02:08:44,1.0770169485750873,0
1982-07-10 05:24:50,0.972482577172266,0
2000-10-02 07:00:53,0.9135434350216398,0
1997-06-16 06:17:45,0.9656585057294209,0
1987-11-27 16:30:17,1.0834222810361243,0
1984-07-18 00:44:56,1.1160509749228895,0
1991-12-22 14:38:04,0.910391111218104,0
2021-09-30 17:21:37,1.8121912532289706,1
1981-09-20 23:47:28,1.1427892004493878,0
2000-03-16 11:45:37,2.1612133318982085,1
1999-09-14 05:15:36,0.9840372782187559,0
1997-02-28 01:32:36,0.9349123272863915,0
2005-04-01 00:16:07,0.9291514372622925,0
2013-06-08 20:23:00,0.8555128079536067,0
1985-06-02 11:51:39,0.9859520385479029,0
1973-06-06 16:12:27,1.0715687572983645,0
1992-09-24 17:58:16,3.0594107692586046,1
1992-08-22 09:51:41,0.8081461623593639,0
1999-04-10 15:46:59,1.0394682620100315,0
1980-12-13 22:14:32,0.9772162014085999,0
1980-04-09 22:16:19,1.11941449366574,0
2015-08-15 09:20:54,1.1100620573633326,0
1997-02-19 05:22:10,0.8714686587933093,0
1998-12-02 08:49:21,1.0144420656748787,0
1995-12-29 18:11:24,0.9026776999762396,0
1991-05-05 01:33:31,1.0797499672712514,0
1999-05-20 21:32:19,0.952464285539543,0
2006-12-19 12:14:30,0.9409232653726634,0
1995-12-11 16:45:03,0.852505553515099,0
2015-11-11 22:48:56,1.1214712621107354,0
2000-01-18 17:19:29,1.0980980459581091,0
1974-07-20 18:07:23,0.9454283772535711,0
2011-09-29 06:41:51,1.2360782756420605,0
1991-09-11 10:45:36,1.0251060966423573,0
2006-01-17 13:20:09,2.0974638995947816,1
2006-11-20 03:52:20,0.9431086486378819,0
2018-10-12 05:24:17,1.0715459525666755,0
1978-04-16 20:45:30,0.7788133471110982,0
2006-05-24 18:28:25,1.0548285926256202,0
1993-02-23 22:58:02,1.046869997896918,0
2020-03-07 07:47:59,0.9768418225312673,0
2019-11-04 06:02:14,1.2316482950459793,0
2016-09-04 07:39:39,1.119360473725549,0
2015-07-01 17:03:01,0.9963428303569721,0
1990-03-04 15:56:42,0.9824784930383281,0
1973-07-31 05:13:13,2.0567420642218215,1
1993-09-25 02:20:59,0.7860445170270812,0
1985-11-22 05:17:56,0.9660855003120115,0
2006-09-19 09:23:24,1.0460189512870595,0
1991-10-22 18:11:34,0.9958884761491765,0
2013-09-18 23:41:19,1.0710020408765846,0
1974-11-23 14:32:36,1.023698996923994,0
1998-11-24 05:44:11,1.054452093155005,0
1988-05-23 08:52:46,1.0358159584467965,0
2022-03-19 01:37:31,1.0270677077846788,0
2001-09-05 01:47:43,0.926246132491584,0
1978-03-19 02:50:29,1.0198085160294101,0
1997-06-29 13:43:51,0.7909584757895172,0
2002-07-11 01:26:27,1.0912046525268964,0
2006-02-21 21:25:08,0.8460110801462309,0
1985-03-22 10:07:53,0.9819522559295067,0
2019-07-05 05:05:56,0.9821011011577239,0
1975-07-29 07:08:49,0.8359701657084373,0
2010-07-04 04:22:56,1.0226011536843465,0
1985-03-01 15:32:13,0.9253750746230959,0
1990-08-11 15:31:11,1.025986444199155,0
2020-04-22 20:17:04,0.8946655894791633,0
1993-08-19 09:47:25,1.050118641036635,0
1989-08-11 03:01:10,1.0003248236265305,0
1971-04-25 09:06:54,1.0863052555929378,0
1977-01-21 21:18:34,1.1572933276901791,0
2005-02-01 03:25:25,1.0272795692012904,0
2018-11-16 13:27:08,0.9914122221396869,0
2018-06-29 19:48:36,0.9275275156380565,0
2011-05-16 03:23:34,1.087765706965317,0
2013-09-14 07:49:26,1.147217260192367,0
1998-02-12 00:20:32,0.9188927266966136,0
2011-11-19 03:03:56,0.8944549531490165,0
2016-03-07 04:45:10,0.9605355887919343,0
1980-02-06 01:45:38,1.121838511607465,0
2000-11-13 11:15:35,1.0044859095859704,0
1990-09-26 06:19:58,0.970484927017867,0
1993-02-17 14:53:57,0.9600370148330784,0
1981-01-04 06:22:42,0.83145332283071,0
1994-06-20 04:50:18,0.9670865719086775,0
1997-05-05 17:37:29,0.9670040523664479,0
1984-07-20 18:42:04,0.9815137986234069,0
1982-03-24 16:49:46,1.0605349782700741,0
2016-04-18 09:48:46,1.22864472757318,0
1974-02-09 09:33:33,1.0056569825944919,0
1984-11-02 16:37:35,1.019728929165762,0
2015-05-23 16:35:22,0.9025828722988802,0
2003-01-27 20:22:44,1.0570733405113244,0
1981-11-26 07:39:11,0.9168886564795099,0
2000-08-21 14:56:16,1.1547852805298005,0
1990-03-07 02:04:10,1.1411955859264775,0
1973-11-26 14:55:30,1.0854761485967148,0
1980-10-18 21:35:47,0.8345348624345335,0
2015-10-08 12:07:59,1.0289854453482683,0
1982-01-11 02:09:36,0.8363411540856847,0
1983-03-09 07:57:40,1.0405486257098129,0
1983-12-22 07:09:17,0.9160282848518774,0
2011-01-02 19:30:26,1.163921843731961,0
2003-09-18 10:28:10,0.8307254127647377,0
1980-11-17 12:07:12,1.0289745918913487,0
2004-05-23 21:03:12,1.2251276465822116,0
2000-06-17 16:19:37,2.9784833884480784,1
1996-04-12 22:20:18,0.9393051361588032,0
1997-03-11 08:04:23,0.9723501997188665,0
1979-03-14 10:34:48,0.9327104262717075,0
1990-09-05 21:34:30,0.9275766503520602,0
2009-09-23 17:47:02,1.204182623291178,0
1998-10-27 02:39:34,0.9646566827860128,0
1971-09-07 06:28:18,0.9141584524607067,0
1979-07-31 05:28:58,0.7931734206049977,0
2019-06-17 17:45:07,0.8237156696010501,0
1974-05-05 02:33:30,0.9165770976320611,0
1990-08-16 12:52:36,1.0577042489944908,0
1985-12-17 06:01:30,0.9794799544296162,0
1993-11-14 00:37:56,0.9127051120643261,0
1988-01-16 00:56:44,1.1213609182687545,0
2002-02-10 11:28:48,0.9777039874968714,0
1975-07-18 17:34:37,0.8547524523259783,0
1997-04-26 21:56:14,0.9977490490750451,0
2002-07-27 20:23:11,1.0431397039165853,0
1982-08-23 16:24:18,1.0977680009667405,0
2014-01-06 01:51:44,1.0340171234338535,0
2023-01-31 11:33:20,0.9469339120825853,0
1988-03-27 12:18:00,0.9629448202750677,0
1976-04-28 23:09:53,0.7925974440790918,0
1979-11-05 09:15:46,0.9115674524506688,0
2002-07-10 03:32:46,0.9754648584055687,0
2020-01-07 12:49:09,0.9054250055949562,0
2019-03-30 07:23:20,1.281079540401727,0
2019-01-27 03:51:46,1.197888495848227,0
2017-05-14 00:23:15,1.0090597454762875,0
2023-10-15 06:21:24,1.0626456489881515,0
1986-09-27 03:02:43,2.7477746549676763,1
1975-08-03 01:03:04,0.8949700181301911,0
2008-12-12 20:05:13,1.1209353575134222,0
2012-01-16 09:13:10,1.1274411105167812,0
1987-03-17 06:27:01,0.971879921389883,0
2007-10-23 00:12:09,0.9311808725851212,0
1973-06-01 03:18:49,1.0685122004424312,0
1987-10-25 11:22:21,1.180394661883778,0
1980-04-09 01:41:18,1.1073504952742446,0
1993-06-28 09:27:53,0.8438144348647021,0
2022-01-14 21:52:52,1.2569392768224321,0
2009-01-12 11:41:16,1.027366584518812,0
1996-04-06 17:57:44,1.0225999055253405,0
1986-08-21 21:37:43,1.0040228386412364,0
1994-04-26 23:34:36,0.9777377471386447,0
1979-04-05 02:39:51,0.9474682743690022,0
1975-06-08 12:06:41,0.977756934718646,0
2014-11-27 13:17:39,0.8877721186896325,0
1993-01-07 14:59:36,2.8182950408865453,1
1998-02-06 08:28:49,0.9995019370400491,0
2010-11-08 19:41:24,0.977442578471984,0
1979-09-14 05:08:27,1.0659808844327068,0
1994-05-15 08:25:10,1.0128591171105321,0
2004-08-17 23:10:57,0.9035417094006275,0
1978-04-24 14:24:35,1.0995402154950986,0
2011-05-30 19:41:46,1.061566962697441,0
1984-03-07 05:21:32,0.9698213546666504,0
1995-03-19 23:27:44,0.9757670058686014,0
1986-07-10 16:46:32,2.4661339652969994,1
1998-09-21 07:05:15,0.982908837098753,0
1989-03-30 23:29:36,0.8736007915791422,0
2000-07-20 13:30:13,1.1129919671208168,0
2019-02-16 08:02:17,0.9354125221494636,0
1993-08-13 23:43:22,0.9436651647443962,0
2017-10-27 10:19:46,0.9335834008558349,0
2013-12-28 20:51:37,1.0145941784998378,0
2005-08-26 05:00:37,1.8528525737357542,1
2001-08-09 12:45:05,0.8973005831461935,0
1990-09-30 09:19:39,1.0564673396324025,0
2024-01-21 01:22:43,0.9948977937814554,0
2015-07-17 14:22:36,0.9681910957712493,0
1986-11-12 22:38:08,1.0636081773195878,0
1990-09-07 05:01:06,1.10232930370409,0
2013-01-26 19:09:25,1.0760745283353765,0
1973-01-15 10:34:11,0.98294201139152,0
1992-12-31 20:37:50,0.9580012668983234,0
2022-05-29 01:51:57,1.1072980779257688,0
2007-05-24 21:56:00,0.8633367737916788,0
1975-01-25 13:35:02,0.955574817078104,0
1980-08-17 21:51:50,0.8356237498788801,0
1979-02-11 20:44:00,1.0125571649188003,0
2002-10-27 05:22:42,1.0333392816932274,0
1973-11-15 20:59:05,0.9640872989383146,0
2021-06-11 23:57:35,1.001083461671673,0
1989-10-10 14:52:00,0.8823231869763333,0
1970-09-05 08:39:49,0.9108975901240165,0
1980-09-06 09:00:16,1.1139335932167078,0
1975-04-17 00:40:54,1.2978331384919854,0
1996-08-19 14:12:06,1.0376862475407138,0
2002-12-30 14:19:51,1.1666033901787625,0
1970-11-14 23:11:24,1.184990467330361,0
2005-07-31 10:45:25,1.0344337299792763,0
1981-10-21 17:16:41,1.0568179723116058,0
2001-06-12 18:06:15,1.076503137578257,0
2004-02-20 04:48:56,0.9346414330032662,0
2002-09-16 20:20:27,0.9660802464893387,0
1973-07-06 05:12:51,1.1030833556450352,0
2014-01-13 11:07:56,0.7821401550163778,0
1999-10-07 07:46:39,1.0285303543690003,0
1986-06-25 20:40:47,1.0588593692207433,0
1984-02-04 14:35:23,1.1272039516043728,0
1991-10-18 23:08:09,0.9356451676115161,0
2017-11-03 07:12:10,0.9419984114332947,0
2002-02-08 10:23:25,1.089975328092072,0
1970-04-27 18:43:26,1.8320960194184104,1
2018-05-04 22:36:11,0.8798833561965393,0
2006-11-11 01:58:52,0.866184707493635,0
2013-01-28 20:06:11,0.9132046686572595,0
2010-11-25 11:51:46,0.7582158031118135,0
2010-02-05 17:57:45,1.1814490745688264,0
1980-11-17 15:07:29,0.9717877075346717,0
2021-04-01 17:04:49,1.109270296746874,0
2015-04-05 13:30:48,1.7610971726687357,1
2011-10-12 14:56:47,0.9189743931292945,0
2003-06-13 11:27:36,1.1544139049758886,0
2006-07-21 22:52:55,0.9861811629330386,0
1976-07-29 15:40:38,1.1781912884992243,0
1994-04-18 02:58:21,0.9063659941129225,0
2015-06-17 06:42:02,1.0524566737914642,0
2018-10-25 11:25:05,1.1221691371619773,0
2016-09-25 03:51:06,0.9794222743087625,0
2007-03-03 01:51:29,1.084593441500544,0
2007-10-15 23:23:55,0.837171372078619,0
1970-08-11 20:36:45,1.0673434097709933,0
1982-01-20 08:09:13,0.6354133261441995,0
2017-02-24 01:00:33,1.213411841843541,0
2001-12-01 14:46:48,1.011621312795914,0
2016-07-21 16:31:02,0.9729174302696741,0
2011-05-27 14:19:12,0.9668156009631429,0
1995-10-21 06:10:07,0.8540302984843715,0
1993-06-04 20:48:08,0.8536174945663395,0
2013-10-22 22:16:57,0.8795254293548496,0
1997-01-18 08:36:58,1.111016009341323,0
1980-04-14 05:51:08,0.9824354277667439,0
1999-01-19 12:01:27,1.1129224193162999,0
2004-01-08 09:10:09,1.084778647023738,0
1997-07-02 02:13:39,0.8828235010745977,0
2012-09-25 05:10:14,0.9545705714396892,0
2002-11-23 02:42:33,0.9451661794884656,0
2022-05-18 13:25:39,1.233850626440601,0
1975-01-12 16:37:09,2.6491622845368976,1
2008-11-10 20:11:05,0.9399094313675711,0
1979-09-26 00:05:33,2.6528553348247628,1
1999-11-22 12:32:06,0.9885561263559068,0
2018-03-27 16:23:40,0.979373624723835,0
1981-03-24 02:25:17,0.9400606645740509,0
2022-05-10 00:39:24,0.9981537384106349,0
2009-05-10 14:04:37,0.9642690675309,0
2018-01-28 09:57:14,0.8851930803566945,0
1989-08-14 14:19:46,0.9866951896127328,0
2016-01-22 11:12:42,0.9769799693947443,0
2008-05-25 01:40:20,1.1072279757841086,0
1972-11-20 18:39:31,0.9206803210727418,0
2019-10-04 17:08:06,0.9948039097993384,0
1992-03-09 10:19:34,1.034306394346396,0
1983-10-15 08:28:12,1.0404952278828756,0
1971-09-08 11:00:20,0.9866820357257294,0
1976-05-10 14:10:29,0.97729578387585,0
2015-12-02 12:59:56,1.1473379856087815,0
1974-11-20 03:34:47,1.118982101665916,0
2017-09-23 01:32:54,1.0397772427870726,0
2007-09-29 22:22:21,0.99436051406476,0
1983-10-28 11:10:50,2.2901243961810582,1
2017-02-19 18:56:06,0.9053672129900379,0
2001-04-23 06:27:47,1.1278142582989559,0
1990-08-04 16:16:17,0.9090781316510501,0
1987-06-26 21:15:58,0.9674597495458548,0
1998-08-09 11:24:10,1.0525075234787227,0
1996-11-23 04:18:36,0.9211257073243745,0
2014-10-18 09:50:56,2.2519155159886393,1
2003-11-19 03:40:42,1.0182362245065375,0
1975-08-08 11:53:27,2.459787951401908,1
2004-01-20 06:57:33,1.032878274043086,0
1982-12-21 03:43:53,0.9598406568476098,0
1978-02-27 10:37:57,0.7807219802652086,0
2009-03-07 02:24:13,0.8792414322888834,0
2014-11-18 00:24:52,1.0037417401120499,0
1986-03-27 13:09:38,0.9852479597514457,0
1972-01-13 09:51:25,0.9975917090046044,0
2022-05-22 08:48:11,0.7903185963766239,0
1982-10-03 13:46:14,0.9010217894917277,0
2023-02-06 09:56:39,0.8422741133907833,0
2023-10-09 06:19:26,0.9880047915124487,0
1986-06-16 20:10:53,0.9616006706939043,0
2002-05-14 16:23:30,0.9669530751154117,0
2020-06-08 22:59:17,1.0569956767281286,0
2017-04-16 01:08:22,2.615038154780308,1
1983-06-03 08:52:17,1.008572364673228,0
1977-04-13 12:43:20,1.0429584869391277,0
1988-10-04 09:32:09,1.0247070217868126,0
2002-08-24 14:34:43,1.088088650200064,0
1973-08-08 13:10:15,0.9348301733742325,0
1986-09-22 06:17:42,1.1355801462383206,0
1999-11-23 02:59:42,1.1055572055236742,0
1991-06-22 02:59:33,0.9603217737648773,0
2019-11-06 08:45:44,1.0855867174247273,0
1997-07-22 05:52:14,1.0164295912578338,0
1972-10-07 13:29:14,1.0246040699409256,0
1985-10-09 19:46:58,0.956286695681329,0
2011-01-09 09:03:17,0.8933444259835519,0
1986-02-05 20:17:06,0.8920730963517032,0
1981-07-15 04:49:54,0.9319255223813767,0
1976-01-12 19:12:22,1.1849427564196264,0
1997-12-30 20:42:07,0.9931577865393001,0
1978-06-12 17:48:27,0.98473988433715,0
1992-01-19 16:38:13,0.8831631779290108,0
2009-04-15 12:42:44,0.9553684487741996,0
2020-06-02 03:00:23,1.1329970269913299,0
2016-01-08 12:14:01,0.8596421148584896,0
1983-06-15 16:45:35,0.9732749167168812,0
1996-04-15 02:23:14,1.0415091055151033,0
1994-12-05 16:40:46,1.0514087814600945,0
2018-01-22 03:49:32,0.8334527239395232,0
1970-07-03 22:59:52,0.9661849019924853,0
1972-06-08 05:59:47,1.1507502922498212,0
1989-07-19 11:45:57,1.0534095155954388,0
1981-12-28 20:34:23,1.0523468707452381,0
2018-06-06 08:57:04,1.2545532536747035,0
2002-09-10 05:12:11,1.0345535447608198,0
2008-08-10 20:59:45,1.0074806770224243,0
2005-10-15 11:42:08,0.9690116814111698,0
1993-02-13 23:02:20,0.854709470880782,0
1998-12-14 22:40:42,0.9578178347152677,0
2001-02-07 09:43:58,0.9780254535823182,0
2001-10-22 03:57:24,1.1181569659751722,0
2007-09-04 00:27:37,0.950021574084642,0
1985-03-29 05:18:47,1.0836605960514545,0
2021-04-12 23:30:07,0.9890660298870629,0
2001-11-07 15:15:42,1.146696016902989,0
2019-11-04 15:42:50,0.7408097416083903,0
1978-02-19 16:16:44,0.9134697246433944,0
2005-07-24 11:19:50,1.0092738861893424,0
2014-04-08 10:26:02,0.9012264485642238,0
1980-01-20 12:40:39,2.702154211115661,1
2013-09-13 03:25:43,0.9410766028609162,0
1994-05-29 14:04:41,0.7447571952588845,0
1989-07-22 01:09:18,1.1198788171858343,0
2011-08-16 07:03:17,1.0198222233262628,0
1990-06-12 04:58:27,1.0118587019071295,0
2013-05-01 19:48:00,0.9490130773509134,0
1997-03-24 15:08:04,1.1708018457129534,0
1992-02-14 09:49:33,1.6166739612592407,1
1972-12-21 03:06:06,2.668570984674709,1
2001-07-23 18:03:01,1.008942912265795,0
2010-08-09 11:01:29,1.0269890225687286,0
2003-01-23 03:35:48,0.9555049552181122,0
2012-07-02 17:50:57,0.941863633003031,0
1970-12-28 08:01:19,0.9655929814449918,0
1987-04-24 08:40:23,1.0369246956378282,0
2022-04-02 21:50:03,1.0450771975209563,0
1978-06-28 09:50:38,1.013573204777699,0
2014-02-01 12:50:03,0.9315636033102954,0
2021-11-29 09:44:52,0.8935959112440727,0
1999-05-18 05:34:43,1.077824391422882,0
2007-09-05 03:51:47,1.1226580998045672,0
2010-07-06 14:45:29,0.9436337634449595,0
1981-12-11 12:00:19,0.802024711620236,0
1997-06-09 21:44:04,0.996480361225685,0
1998-07-14 20:54:23,1.1032039871565718,0
1997-11-11 04:19:47,0.940032573426305,0
1997-12-18 09:09:35,0.9751431013688847,0
1973-06-01 12:48:45,1.103386085901782,0
2022-10-26 19:54:27,0.955698664296644,0
2001-03-10 14:48:51,1.0275910387198335,0
2001-02-20 12:35:24,0.9802168296613247,0
2009-04-27 19:02:51,1.0423353080778512,0
1983-12-14 04:46:36,0.9774860028100328,0
2001-11-08 20:14:39,0.9605646964941997,0
2011-03-01 12:40:09,2.76486894623918,1
1998-10-12 09:35:19,0.9733433926379564,0
2024-01-29 20:15:22,1.176393216498564,0
1973-10-08 14:36:40,0.9768103372129809,0
2000-03-19 16:57:14,0.8940345706916912,0
2010-04-26 23:00:28,0.9977610909646986,0
1980-10-30 11:51:02,1.154456104122155,0
1971-10-01 00:36:56,0.9802786404160029,0
1985-07-02 10:04:36,0.8440990028338697,0
1997-06-14 21:06:01,1.039283849860676,0
1973-10-06 05:09:24,0.9140238853991168,0
1992-12-30 15:34:55,0.9198661246756845,0
1984-11-16 13:08:54,0.9662311539665861,0
1986-04-29 13:43:57,1.1683350945617805,0
2002-09-27 17:17:23,0.9264226861275371,0
1999-02-23 16:11:30,2.3931418584961857,1
1972-11-30 09:22:03,1.0319491182342126,0
2023-09-23 10:45:50,0.6959275992515166,0
1974-07-16 19:24:36,1.0899805434429874,0
1991-04-01 05:05:57,1.012060224002526,0
1980-12-19 03:34:22,1.0624299226601117,0
1997-10-23 10:18:05,1.068070355164806,0
1974-09-13 12:55:03,0.9632130060826763,0
1984-06-17 15:01:36,1.4442201291857666,1
1996-07-14 12:14:59,0.8632517024253504,0
1971-04-17 14:19:45,0.9729717524780651,0
1982-12-31 06:30:17,0.8036564750585329,0
2023-02-20 15:02:23,0.9763039831150588,0
2021-02-18 05:54:09,0.7632507365309423,0
1995-09-07 16:26:42,1.100923574070694,0
1980-11-24 20:26:47,1.0128347881410247,0
2023-11-02 06:17:08,0.9104481385324352,0
2024-11-29 21:30:20,1.0783105202716223,0
1997-08-07 12:42:05,1.0485732852864456,0
1982-12-09 23:53:49,1.0646906694123077,0
2025-02-09 14:55:09,1.0849376711808134,0
1979-06-09 01:16:09,1.060143831754694,0
1983-01-24 01:21:55,1.1924708056576914,0
1994-07-10 16:55:56,0.9412303646780799,0
1995-08-19 17:22:15,0.9096460993392526,0
2014-01-07 00:22:31,1.7340985618034919,1
1970-04-11 07:25:22,1.1969221679445199,0
1989-07-19 08:27:49,0.9824106339259866,0
1996-06-04 22:53:57,0.9755555902488372,0
2017-09-09 08:16:02,0.9614639237085302,0
2000-05-16 21:15:39,1.04835618324325,0
1975-07-23 18:13:48,1.1172942375563941,0
1999-09-11 10:39:04,0.9666494845400437,0
1975-09-01 12:08:24,1.0778169911938418,0
2021-06-01 09:42:39,1.005773496512277,0
1990-01-05 19:48:05,0.9280455087059384,0
2020-08-11 02:13:48,0.7299201274415164,0
2022-01-17 14:36:03,1.0327727730907614,0
1979-11-16 01:24:20,1.1189492762327737,0
2020-11-29 05:31:16,1.0036485374453443,0
1978-07-30 02:55:07,1.1243957699287552,0
1985-08-24 21:47:40,0.9253592782156421,0
1971-11-07 14:29:17,0.9178231936174808,0
2003-06-05 03:08:15,1.1000260223276035,0
2023-10-18 06:19:17,0.9173079139903388,0
1981-09-16 06:05:15,0.9068732514453153,0
2012-08-03 02:47:00,1.1093371346452923,0
1985-04-18 08:07:55,1.077050527201004,0
2022-09-13 01:54:43,0.9961886838680915,0
2012-05-31 22:05:48,1.054409870878784,0
1996-06-22 00:21:42,0.9188038936764088,0
1976-03-19 13:14:33,0.8635605681626973,0
1977-01-22 20:11:00,0.9753705397906243,0
2003-02-27 05:34:14,0.9278234192716559,0
2021-05-24 01:50:57,1.0711224964375925,0
1988-08-21 19:54:19,1.0946839711494523,0
1989-01-18 06:12:04,0.9139873182806512,0
2019-03-30 17:50:17,0.9544244289163302,0
1981-04-20 11:21:01,2.5632417927831743,1
1976-11-14 02:18:07,1.0302999593490867,0
2017-11-23 11:46:45,2.7396756913288036,1
2001-09-25 00:55:35,1.0336089605408794,0
1979-09-23 12:58:49,1.06335330770812,0
2020-12-24 13:30:53,2.2663056680222673,1
2019-03-12 19:07:38,0.9353159631013473,0
2013-03-07 04:59:15,1.0422408822669063,0
1972-05-22 10:12:00,0.9638900963441924,0
2020-08-28 13:09:42,2.330046431461035,1
1980-08-21 09:30:31,1.0550209898062166,0
2011-06-11 21:10:43,1.108617321943006,0
1989-01-29 11:32:52,0.9597162288131937,0
2008-10-01 14:17:38,1.0108452529788514,0
1978-10-23 03:18:19,0.9231003305578835,0
2023-11-13 00:18:12,1.0844001183391967,0
2007-01-25 19:00:41,0.9203858324845788,0
1994-01-01 22:04:25,0.9729531039598177,0
1997-01-01 05:00:13,1.0297952655727503,0
1996-08-16 09:44:38,0.963275366240201,0
2014-05-06 02:39:46,1.0361302412471578,0
1990-07-09 01:38:24,0.9135882342036303,0
1971-10-26 15:08:09,0.918639834552426,0
2022-08-13 14:48:45,1.0107085154572775,0
2016-12-11 17:07:35,0.934755482206298,0
2018-06-02 12:19:19,0.9540929695796547,0
1971-04-02 21:21:30,1.0080060923963552,0
1984-11-06 04:31:38,1.0156491512218009,0
1990-04-12 16:27:40,1.0555867497543632,0
1995-10-24 17:02:35,1.026454798702178,0
1991-09-07 17:09:11,1.1451876369980887,0
1972-09-23 12:12:22,1.045402885820766,0
1970-09-01 07:43:31,1.076840394235636,0
2007-04-28 19:13:17,0.9500939637594285,0
1978-12-08 10:07:33,0.8575139380392157,0
2019-03-22 06:07:21,0.9819890547084549,0
2008-10-17 02:47:42,1.1083723063851947,0
2002-06-14 14:34:10,1.1321453113782538,0
1993-02-07 01:06:23,1.1436617520485484,0
1975-02-21 07:05:54,1.0259105410371983,0
1987-05-09 01:50:21,1.115178410777195,0
2019-09-10 00:21:35,0.9769767124816912,0
2004-11-29 01:40:08,0.9262329348655813,0
2002-03-04 20:28:00,0.8595452420283309,0
2021-07-28 23:50:48,1.045269453195574,0
2017-07-30 15:48:54,1.0107597795336833,0
1979-07-05 07:52:17,1.07511402014824,0
1984-12-10 02:53:44,0.8489947633198208,0
1993-10-04 04:54:34,0.9866889277344547,0
2018-05-24 13:56:09,0.9206013092521961,0
1989-09-12 03:58:25,1.0895700738227465,0
2001-11-17 17:53:51,1.1431528103332285,0
2013-09-18 00:22:14,1.0946209747149096,0
1978-09-20 11:54:54,1.0054924395295066,0
1982-10-27 05:01:29,1.0636123007903575,0
2003-01-04 20:27:13,1.050273038572068,0
2002-06-27 12:48:06,0.888191039484067,0
1988-11-05 20:07:16,1.0193641513608493,0
1994-06-26 21:00:59,0.8021430842662927,0
2007-12-08 15:19:29,0.853857492773926,0
1978-04-07 19:18:40,0.8967445991482529,0
1994-05-15 22:03:52,0.9935204154476875,0
2023-09-14 20:36:28,0.9320053956356988,0
2008-10-15 12:13:58,0.917248780179073,0
1996-01-26 17:31:30,1.0357480738031175,0
1980-08-09 10:10:58,0.9629470748508009,0
2005-06-05 02:02:17,0.7594991119057479,0
1996-09-28 08:27:44,1.0405888870265347,0
1991-04-01 14:50:23,1.1360896671572585,0
2000-09-10 22:46:54,1.0787597118610048,0
2001-08-02 16:57:20,0.980529438547992,0
2024-01-25 16:54:31,0.9142456977116413,0
2007-09-20 17:19:58,1.0431972137660943,0
1988-10-21 15:41:02,1.0474698719584998,0
2021-09-30 17:13:27,0.995832148527297,0
2022-12-03 03:43:02,0.9564095783994294,0
1986-12-02 09:21:18,1.0766638166148308,0
2025-04-12 10:50:47,0.9596713960756643,0
2023-10-16 17:08:31,0.8547990766368496,0
1976-05-27 05:06:29,0.8841036914439445,0
1977-05-09 03:33:52,0.878293919906623,0
1975-12-03 14:27:31,1.107896778275219,0
1986-07-27 00:24:20,1.016033705284511,0
2007-04-23 01:55:53,0.8685047712850531,0
1987-04-05 10:36:44,1.0186852210831034,0
1972-11-16 15:30:06,1.0806852843221688,0
1999-03-26 20:38:37,0.9103219046597711,0
1999-12-16 11:32:26,0.8421751971063197,0
2008-03-09 10:33:12,0.9418117618885177,0
2019-05-11 04:57:06,0.8840774167408242,0
1999-07-14 11:21:33,0.8769059950255007,0
1976-05-16 23:49:17,0.9292080177936134,0
1970-10-29 07:12:30,1.173541690807622,0
2009-11-02 19:30:54,0.8768067458612258,0
1985-07-07 17:12:52,1.0990478538048962,0
2001-04-13 21:29:08,0.8320025058129306,0
1974-06-06 07:09:05,1.0212879123125027,0
1996-05-11 18:00:14,0.918090228939166,0
2015-06-01 05:50:12,1.0411670677837468,0
1993-01-18 05:18:00,0.9181226462743064,0
1977-11-26 02:59:42,1.1000713591202196,0
2008-08-16 10:33:51,1.0928635591442484,0
2010-11-21 04:43:33,1.070713687028729,0
2012-05-10 08:16:55,1.098560872829914,0
1975-08-07 23:17:04,0.9483156399468701,0
1988-12-11 20:26:43,1.0294328052629564,0
1978-09-12 02:55:03,0.9744210001724408,0
2010-07-20 20:14:12,0.9693161278179274,0
2012-02-09 17:01:55,1.1377062881826132,0
1977-02-27 09:12:47,1.1503706528797093,0
1998-06-15 08:10:47,1.1351324696098306,0
2014-11-12 00:13:58,0.9285227622701946,0
2019-02-19 07:39:12,0.9411251003445223,0
2014-11-27 06:33:01,1.001493674352865,0
1976-12-05 20:10:46,0.9337944212639434,0
2018-01-16 00:17:48,1.0457794300046541,0
2003-10-02 18:28:51,0.9452911398547622,0
1978-06-22 05:12:34,0.9721381589844911,0
1978-12-30 21:19:53,0.9709826703654654,0
2007-08-13 12:38:26,0.8480899405696156,0
1979-05-19 09:10:42,0.9950479299390405,0
1973-01-31 13:40:02,0.9218017081659586,0
2000-01-05 06:07:34,1.0299244605013442,0
1988-11-30 14:26:24,3.076134157574536,1
2020-05-31 11:11:47,1.0489308445559362,0
2016-01-12 14:39:15,0.9938029193226822,0
2012-12-25 12:45:32,0.8625094835800486,0
1993-05-01 22:59:11,0.9092035114435083,0
1984-01-29 18:19:18,1.0080931960358446,0
2003-04-17 19:05:06,0.9652847804421462,0
2021-12-15 13:38:02,1.0908517308391017,0
1980-06-17 14:17:53,0.8824175915815433,0
1988-08-27 01:47:37,0.9964192191928454,0
1992-01-29 00:25:44,0.7932613904273564,0
1991-09-17 15:07:35,1.033844915120041,0
2009-01-31 14:12:45,2.6111400238302633,1
1985-06-03 21:55:23,0.8690503375393064,0
1991-11-20 01:24:22,0.9906378766606362,0
1987-04-03 22:30:23,0.9879048922385789,0
1985-04-09 08:58:02,0.9968382388946324,0
2004-10-01 10:25:11,0.952986038523911,0
2020-11-08 05:03:43,1.1525984292636053,0
1987-10-03 10:42:17,1.2146207478374251,0
1986-09-19 12:18:06,0.8300477586156421,0
1994-05-16 20:04:04,1.1310463282024055,0
1987-07-23 18:58:25,1.0738261876750894,0
1988-03-27 16:57:13,0.9690608630200582,0
1990-10-25 19:09:36,0.9142629906246773,0
1999-01-13 01:07:50,0.8534966008247733,0
2002-07-16 00:45:12,1.3295333888957765,1
2004-03-30 12:33:52,1.0219628582415956,0
2014-08-11 14:59:55,0.9153766863537914,0
1974-06-30 10:25:08,1.0358347499085747,0
1977-05-12 21:14:42,0.907612559287738,0
1979-10-05 08:24:20,1.0861454818985157,0
2006-09-23 05:20:25,1.0765899960278569,0
1990-08-01 09:11:05,1.1123327132821077,0
1972-11-18 00:05:15,0.9252668677620035,0
2005-08-17 16:26:42,0.9400848846369642,0
1982-12-30 03:11:45,0.8646524076608948,0
2006-09-20 15:42:28,0.9046682588774451,0
2018-02-16 19:03:35,0.9167764572626208,0
2000-06-24 14:25:10,1.1271221032184644,0
1976-09-01 03:51:00,0.8076774036127852,0
2017-06-03 06:33:18,0.9739216241595213,0
2022-11-11 19:46:22,0.8976399024968574,0
2023-11-17 11:29:37,0.9401537202640937,0
2016-09-01 20:17:46,0.8919082842049546,0
1993-07-16 00:42:46,0.9709841816921452,0
1975-07-26 07:34:15,0.9910856789442339,0
1975-06-05 17:55:45,0.6908002671485535,0
2000-05-31 06:51:30,1.0391044770092535,0
2011-01-04 06:28:23,0.9145702249922214,0
1990-02-06 05:16:56,0.9652714542983625,0
2021-06-12 07:42:22,0.9648100003761843,0
1995-10-28 07:43:24,2.0385356771597776,1
2011-01-13 15:38:29,1.0090675398312536,0
2008-08-19 17:58:43,0.8748768865307491,0
1991-12-29 19:31:16,0.9849761548477411,0
2021-12-27 11:59:08,0.9584638825618785,0
1975-05-21 14:55:41,1.0849355087918091,0
1971-01-29 15:01:41,1.023227943607167,0
2024-12-19 19:28:38,1.0444161685289453,0
1996-11-16 21:50:21,0.8487414816549135,0
2023-12-21 01:26:48,0.9513242402829439,0
2020-08-20 04:24:20,1.051593381968268,0
1993-07-27 02:02:49,1.2414837613280347,0
2023-06-13 16:43:45,0.9622258875732044,0
2023-01-02 11:38:33,0.9512326780782596,0
2017-11-14 03:18:54,1.0516115532143282,0
1994-09-28 15:47:43,0.914804186954498,0
1971-03-04 02:46:24,0.9555809989720617,0
2005-04-04 01:56:17,1.1436714088007154,0
1973-04-25 03:45:43,0.8592200795534919,0
2003-11-02 20:51:37,1.0448549280518542,0
1984-06-24 09:54:56,1.0211231574341784,0
2005-03-10 16:59:04,0.8465457001635621,0
2021-12-21 13:17:21,1.017563406805783,0
1991-03-18 18:38:58,0.9701999786232297,0
1975-03-01 21:08:49,0.9226929076606812,0
2016-04-13 06:49:48,1.1137524243004886,0
2019-04-04 05:34:18,1.001404004847988,0
1990-06-26 08:16:37,0.9823257878351515,0
1992-07-22 15:12:38,1.1049832678704576,0
1993-08-21 03:46:04,1.0101063084805748,0
2023-10-14 22:52:04,1.0068063099560043,0
2014-02-01 23:18:38,1.0939896572997756,0
1975-06-04 05:36:54,2.7008324754313158,1
1974-10-17 23:03:06,1.2481983351706512,0
1988-10-04 12:02:51,0.8876407017148299,0
2022-02-21 20:22:23,1.1604721364438828,0
1996-04-15 06:28:33,1.7402683744162648,1
1980-07-08 23:10:41,1.055338368058484,0
2016-09-13 20:26:02,0.9372786659572118,0
2005-06-02 07:23:12,1.1074059825909124,0
2022-09-03 23:43:29,0.8416499900455896,0
2002-05-03 08:36:28,0.8745010352139295,0
2006-01-08 15:46:12,1.0008527387194992,0
1988-01-06 12:56:47,0.9679354370664194,0
2022-11-28 09:50:59,0.9930017289224727,0
1985-05-10 04:48:16,1.0722929813819129,0
2005-01-09 16:03:40,0.9856862084226827,0
1976-07-09 08:21:47,0.9598130357217557,0
2010-06-27 14:11:45,0.9331758815005495,0
1980-03-13 14:06:23,1.1884224936748564,0
2012-03-09 18:25:22,1.0834254216717294,0
1977-01-20 17:33:12,0.9288463370149065,0
1976-10-08 06:23:43,0.8167632261390292,0
2012-08-07 05:12:52,0.8382269023530262,0
1972-04-18 10:42:18,0.9159787270513592,0
2012-09-13 06:57:30,1.0547076610717778,0
1986-08-05 11:17:09,0.9993553655810509,0
1991-01-22 18:57:17,1.0752847391039955,0
1973-11-13 07:16:12,0.9304426907072574,0
1971-07-24 19:33:10,0.8203234107665259,0
1998-12-31 20:09:37,1.1066182640898024,0
1973-01-06 00:47:24,0.9554304418148125,0
1970-01-04 03:52:49,1.0723460971240508,0
1981-08-02 11:20:50,0.974889794049223,0
1986-08-28 09:18:46,1.0789841494348649,0
2010-11-21 10:12:06,0.8293147833201355,0
1984-12-15 04:01:59,1.0050170615591945,0
1972-05-15 17:16:48,0.9723726808376919,0
2017-10-02 11:23:00,1.0558068386809734,0
1984-05-18 11:08:16,1.0590012858320643,0
1993-06-10 18:09:57,0.9954675905909908,0
1971-11-16 23:54:44,1.129356707606323,0
1992-06-10 13:22:18,1.0903345810715348,0
2002-01-29 09:08:53,1.1126853571421942,0
2003-01-25 21:52:25,1.003713536147668,0
2024-09-09 09:30:04,0.9396470048675898,0
1986-11-04 21:39:17,0.8125033399267053,0
1974-06-15 16:21:26,0.9300904121427066,0
2011-08-05 10:39:41,1.0198966668473244,0
2021-06-18 21:54:25,0.9540250711911232,0
2020-01-30 22:13:17,0.9222536989198096,0
2002-10-20 15:08:37,1.1045710480720774,0
2006-08-25 16:59:28,0.9236662029920117,0
1980-12-14 01:12:29,0.9967586601084196,0
2008-03-10 22:18:54,0.8708798521900858,0
2008-01-27 18:41:28,0.9694205583915873,0
2019-03-19 02:41:26,0.9871840537609811,0
2018-06-15 18:04:35,0.9992318479698189,0
1990-01-20 06:57:04,1.0638114492230475,0
1978-09-10 05:28:56,1.1505655140050473,0
1984-06-28 23:56:49,1.117686594954633,0
1993-01-10 07:46:13,1.6203274661151417,1
1989-08-31 16:14:58,0.9393676024286163,0
1994-09-17 06:46:31,0.9405976159293404,0
2023-09-09 04:02:42,0.9701892785034687,0
2015-12-21 04:02:27,0.9946366150258011,0
2019-11-14 02:53:01,1.0989552707758634,0
2005-01-01 16:48:52,1.0859342633858877,0
1974-06-29 03:09:48,1.0099264993769854,0
2013-01-09 19:50:27,0.8761823704818308,0
1995-12-16 23:56:54,0.9832779684336973,0
1995-10-08 21:21:35,0.9802415093925883,0
2002-10-06 12:43:29,1.0551535475968745,0
2011-03-10 17:47:58,1.0771570158740518,0
2011-03-24 03:27:51,0.9188082164066558,0
1994-10-22 11:59:11,0.9491641353031328,0
2005-10-31 04:01:23,0.9279112620443855,0
1978-04-28 10:59:09,0.998148946278845,0
1985-02-23 23:43:31,1.0994204680994693,0
1976-11-21 04:33:37,0.9693661568257986,0
1989-02-18 01:50:03,0.8623348456754247,0
1987-01-06 16:32:15,1.0566846305869144,0
2014-08-10 07:15:13,0.9281440617957218,0
2019-01-27 18:48:46,1.1049235084034006,0
1972-07-03 03:40:38,1.052573250563677,0
2024-03-19 18:31:25,1.0780529190701151,0
1975-08-02 00:24:40,0.9331852708548136,0
2005-03-30 15:51:14,0.9223283860352747,0
1973-01-14 08:03:14,2.8174450295544315,1
1978-09-12 20:38:10,1.0109900279170254,0
2016-04-19 23:30:36,1.0407100589165021,0
1981-03-03 11:09:30,1.0011274078146668,0
