timestamp,vibration,anomaly,vibration_scaled,reconstruction_error,predicted_anomaly
1971-07-31 14:16:07,1.123752998845132,0,0.1679711950929753,5.0977622e-05,False
2005-03-14 10:30:43,1.0182331538116702,0,-0.14863539373482945,9.313385e-07,False
1984-11-11 06:24:31,1.148485706416715,0,0.24218034669124922,8.392493e-05,False
1978-07-28 23:13:39,1.0580084358335626,0,-0.029291810955478222,4.36493e-06,False
1992-07-09 06:47:12,0.9378116592994652,0,-0.38993573906673284,2.864367e-06,False
2011-06-15 04:29:32,0.9497179582041256,0,-0.3542115330600487,1.0429842e-06,False
2023-05-17 05:29:08,1.0372893532401914,0,-0.09145829785136587,1.6692738e-05,False
1995-04-02 23:15:37,1.1135735369062023,0,0.13742827001982924,5.602641e-06,False
1996-09-01 02:17:28,0.9335020520908142,0,-0.40286648244572504,2.771716e-06,False
1978-08-21 23:05:58,0.9391852945514416,0,-0.38581422077523075,2.8943045e-06,False
2011-11-13 18:25:08,2.296407744937126,1,3.6864583471086636,4.3105736,True
2015-10-16 21:26:33,0.9063597422213332,0,-0.48430551543481376,4.8439674e-08,False
1988-10-09 10:36:51,1.0234018165541905,0,-0.13312710068159603,3.281548e-06,False
2011-03-28 16:56:11,1.0927309690386535,0,0.07489127223648302,5.4843265e-05,False
2014-12-02 11:20:21,1.1051172012168111,0,0.11205549207695081,2.5537008e-06,False
1989-12-09 14:25:27,1.032399850227227,0,-0.10612898723218393,1.07911155e-05,False
2023-07-07 05:34:32,1.0234724673085485,0,-0.13291511691372473,3.3236302e-06,False
2010-04-04 17:47:46,1.1317605047720694,0,0.1919972836049713,0.0001245167,True
1994-08-31 20:18:06,0.9510833232592676,0,-0.35011482904692115,2.1749404e-06,False
2023-09-15 02:43:41,3.4060801456181427,1,7.0159703776140745,19.889023,True
1996-05-05 02:30:09,1.0689291381580783,0,0.0034751658105732345,1.7295691e-06,False
2021-03-13 02:21:07,0.9504859440544442,0,-0.3519072330465273,1.6292063e-06,False
2012-04-01 20:26:58,1.0503479740952324,0,-0.05227661214666211,1.2425976e-06,False
2013-12-13 23:36:52,0.9739561828035522,0,-0.281486050879582,6.299109e-06,False
2003-01-18 19:45:36,1.0079313874113205,0,-0.1795452867306098,5.2122806e-07,False
2019-02-22 16:20:22,0.9319071881959704,0,-0.4076517853167725,2.7377837e-06,False
1976-01-03 12:42:27,0.8004711731200389,0,-0.802018440888664,1.2064929e-05,False
1970-05-15 01:29:46,0.9953291507481066,0,-0.21735761634761772,7.759613e-06,False
2001-01-27 18:54:49,1.0636311988465383,0,-0.012421014597116807,1.1315259e-07,False
2021-12-30 06:37:08,1.0260815352759431,0,-0.12508674956808682,5.0636436e-06,False
1982-05-05 08:32:31,0.8789819473939001,0,-0.5664511083059213,4.050793e-05,False
1991-02-03 15:19:31,1.040908477394325,0,-0.08059931153821172,2.1887063e-05,False
2011-05-15 07:18:56,0.7740262259425919,0,-0.881365074831577,3.977381e-05,False
1976-07-15 14:55:13,1.1068640953363744,0,0.11729695341593306,6.0677587e-07,False
1976-04-27 11:36:53,0.8742201145411925,0,-0.5807387302749057,7.715126e-05,False
2003-08-26 00:10:07,0.8697298245062444,0,-0.59421160270342,0.00012155745,True
1987-03-07 01:44:15,0.9697551878593323,0,-0.29409090903257235,1.9182341e-06,False
1981-01-02 08:51:57,0.9302628734621724,0,-0.4125854627559499,2.7030803e-06,False
1998-09-24 00:22:44,0.8779183891964094,0,-0.5696422571634713,4.767847e-05,False
2016-11-23 07:31:44,1.1066589574141412,0,0.11668144817351273,7.6586605e-07,False
1996-01-22 02:04:21,0.972597150037808,0,-0.2855637552008028,4.6049563e-06,False
1971-11-08 17:07:18,1.089554958604659,0,0.06536182467835136,5.9986258e-05,False
1979-08-14 04:46:37,0.8782556377552266,0,-0.5686303611001254,4.534132e-05,False
2008-04-19 12:53:42,0.9128899700859388,0,-0.46471191986210036,1.2056847e-06,False
1997-11-04 06:03:24,0.969107056840881,0,-0.296035591104464,1.4673572e-06,False
1981-08-23 23:31:52,1.062337430277118,0,-0.0163028972265587,5.47188e-07,False
1985-08-03 08:20:55,1.021460386845313,0,-0.13895225553641752,2.230672e-06,False
1995-07-13 19:02:16,1.042626499653417,0,-0.0754444786552704,2.4598945e-05,False
1982-07-28 02:46:49,0.8323351241252653,0,-0.7064123790038888,1.5900561e-05,False
2002-11-01 01:12:30,1.124522873181356,0,0.17028116140633198,5.626308e-05,False
1997-05-28 14:28:10,1.0482592352411175,0,-0.058543760125733695,6.344912e-06,False
2019-08-11 04:08:48,0.8710493011618594,0,-0.5902525843515666,0.00010804096,True
1985-09-21 12:26:46,0.9352219907490058,0,-0.3977058995109184,2.8085537e-06,False
1999-12-27 23:50:08,1.737230873281754,1,2.0086783823061283,0.8594637,True
2010-11-08 03:06:49,0.8701092628082413,0,-0.5930731185971576,0.00011819534,True
2015-09-05 20:16:11,1.1223173528829813,0,0.16366361701894747,4.1819385e-05,False
2024-07-06 04:32:29,0.852952301815817,0,-0.644551652258201,2.0680629e-05,False
2003-02-16 20:37:25,1.205505373018406,0,0.41326477287795627,4.379473e-06,False
2006-11-27 22:23:29,1.7332002838360745,1,1.9965848166364923,0.8442254,True
1981-08-23 07:57:00,1.0384954026205275,0,-0.08783961190518194,1.8345076e-05,False
2011-02-15 10:57:17,0.8432830454608944,0,-0.6735637330669138,2.966624e-07,False
1979-07-20 11:44:32,1.0784472983409708,0,0.032033890725934676,1.8338504e-05,False
2023-03-04 21:41:34,0.9814003207322812,0,-0.2591503175809672,2.027792e-05,False
2009-09-12 09:58:15,0.9200784427055744,0,-0.4431432964978111,6.497515e-06,False
1997-06-02 17:57:57,1.139099656607443,0,0.21401801180780466,0.00012129604,True
2000-11-09 21:55:28,1.0827906759065098,0,0.045065960234570275,3.1768854e-05,False
1998-08-19 13:44:12,0.8860195079722312,0,-0.5453352883606981,7.782293e-06,False
1993-06-01 03:01:20,1.054995621626274,0,-0.03833159706053874,4.0390028e-06,False
2025-04-23 04:05:03,1.0020735759235122,0,-0.19712133332699347,2.826312e-06,False
2000-02-16 15:06:11,0.7961552480869833,0,-0.8149681405581332,3.5245087e-06,False
2004-04-22 00:01:52,1.0071003846742237,0,-0.18203866550514602,7.3617923e-07,False
1989-10-08 20:27:31,1.084877680208876,0,0.051327903784919277,3.9525305e-05,False
1983-09-16 12:36:36,2.7134079787876324,1,4.937644998661637,8.79807,True
1998-11-18 19:25:07,1.0243345248500315,0,-0.13032855987797773,3.8583607e-06,False
2005-04-16 22:13:08,1.0213007728539296,0,-0.1394311686861197,2.1533262e-06,False
1998-12-16 04:59:42,1.1066654212135272,0,0.11670084245402751,7.6054175e-07,False
1973-08-08 03:21:29,0.8899166380304715,0,-0.5336421603659924,6.562405e-07,False
1974-12-01 20:44:26,1.1222475595958354,0,0.1634542060350769,4.139589e-05,False
1994-11-06 22:50:38,0.9619934127782666,0,-0.3173796954299141,4.806943e-07,False
1989-11-22 15:57:40,0.994817237049562,0,-0.2188935857173511,8.233784e-06,False
2011-03-02 19:22:23,1.0784598765198314,0,0.032071630871416186,1.8372244e-05,False
2015-04-20 19:27:52,0.9711728751495616,0,-0.289837214982494,3.113587e-06,False
2022-08-22 19:41:36,1.0283790982481544,0,-0.11819303611524568,6.898625e-06,False
2001-12-04 14:06:14,1.0206744563836456,0,-0.14131039738590034,1.8628346e-06,False
1984-06-16 16:53:26,1.6066434883088765,1,1.6168579954670925,0.4391035,True
2022-02-13 06:39:28,0.8829351800805972,0,-0.554589647408392,1.8979123e-05,False
1978-09-23 14:47:58,1.21041858772021,0,0.4280066078988807,9.379007e-06,False
2000-09-14 08:50:14,1.0141353674286515,0,-0.1609305801811436,8.6418424e-08,False
2003-10-27 21:38:20,1.000691968221732,0,-0.20126677252300604,3.6383199e-06,False
2000-03-30 00:12:30,0.927389095736366,0,-0.4212080774169966,3.9853667e-06,False
2014-08-28 17:29:21,0.9752514265630648,0,-0.27759974202204196,8.160404e-06,False
1994-07-19 12:31:09,1.0719937904776222,0,0.012670489368206582,5.155167e-06,False
1982-02-10 05:50:13,0.9683085680009846,0,-0.298431413688704,9.952116e-07,False
1976-12-27 21:50:42,0.9551176547797768,0,-0.33801003548411906,6.4232813e-06,False
1988-06-05 00:29:10,0.9251160205116546,0,-0.42802831670768765,9.40915e-06,False
2003-09-28 09:32:10,1.0699766120994771,0,0.006618054727507556,2.695179e-06,False
2012-12-20 07:30:48,1.01933286736338,0,-0.145335762692118,1.3113782e-06,False
2011-07-01 01:43:19,1.178442823395572,0,0.3320650561957379,1.0552254e-05,False
2002-10-27 02:52:26,1.0236015615784269,0,-0.13252777653798353,3.4012294e-06,False
2005-10-23 09:33:42,1.0934616629434817,0,0.07708367978419646,4.988641e-05,False
1979-04-27 05:39:30,1.0007945147188468,0,-0.20095908730381806,3.5745927e-06,False
1975-05-10 00:16:20,0.9472405456116328,0,-0.36164487557281927,3.9407517e-08,False
1985-01-19 21:54:43,0.9788573192802188,0,-0.26678045592002864,1.460927e-05,False
2018-12-22 22:58:29,0.8775611157453518,0,-0.5707142368330985,5.021701e-05,False
1974-03-21 01:03:31,0.89084114102476,0,-0.5308682391259646,1.15873604e-07,False
2004-12-08 00:15:41,0.7532652840553512,0,-0.9436571582750956,0.00019556795,True
2004-03-25 03:42:07,1.0808129951134795,0,0.039132035962097855,2.5198606e-05,False
1992-08-23 00:22:49,0.9955412219604164,0,-0.2167213081432539,7.5673875e-06,False
1973-05-25 19:09:44,0.9015733095177394,0,-0.49866694792609656,1.4072637e-06,False
1983-05-17 12:42:26,0.9775528918558076,0,-0.27069431986747183,1.2061203e-05,False
2010-03-18 18:28:57,1.0808987964964674,0,0.03938947837187281,2.5468045e-05,False
1982-12-08 18:34:42,0.871860227317727,0,-0.5878194442733274,9.964607e-05,True
2015-08-21 01:50:31,0.9515687339363452,0,-0.34865838055989573,2.676491e-06,False
2002-11-29 05:34:21,0.8989098055149941,0,-0.5066586476520673,2.9717814e-06,False
1971-04-15 04:42:25,1.2468723041556666,0,0.5373840127563843,0.00017206704,True
2013-08-09 10:31:27,0.9864054164743806,0,-0.24413279846728625,1.8036711e-05,False
1992-12-24 07:03:19,1.084275059458497,0,0.049519772811320216,3.7199217e-05,False
2009-04-25 05:30:23,0.997164753150444,0,-0.21184999060324836,6.1757046e-06,False
1980-07-13 11:26:37,0.9771222224473428,0,-0.27198652013826724,1.1273405e-05,False
2018-09-26 23:31:17,0.9824038758253426,0,-0.2561392047934704,2.277035e-05,False
2008-01-28 01:29:03,1.052344088399095,0,-0.04628737912176571,5.1625705e-08,False
1972-05-10 19:30:51,0.7777287620130129,0,-0.8702558155742669,2.4376845e-05,False
2013-06-27 00:52:10,1.0415641734453696,0,-0.0786319309951179,2.290294e-05,False
1970-04-21 23:07:06,0.8535777466262162,0,-0.6426750389267681,2.306482e-05,False
1992-09-19 20:04:57,1.067846357403096,0,0.00022634070876785038,9.557409e-07,False
2015-01-20 06:02:40,0.8786022155181986,0,-0.5675904732642086,4.3001906e-05,False
1996-09-20 13:42:26,0.9939638025863924,0,-0.2214542696729288,9.055823e-06,False
2016-03-28 01:59:02,1.0242428112127095,0,-0.1306037416871653,3.799404e-06,False
1990-02-15 11:48:16,0.8499547429296017,0,-0.6535456655973426,1.0934178e-05,False
2006-08-29 02:29:54,1.0983989605155349,0,0.09189777415497435,2.2544085e-05,False
1996-12-18 07:43:32,2.640977131513757,1,4.72032015825823,7.895971,True
2015-09-15 17:34:53,2.955454619285439,1,5.663892854322712,12.166573,True
2018-09-01 16:17:27,1.0372897004900363,0,-0.09145725594698453,1.6693348e-05,False
2023-08-13 11:21:54,2.305410191502486,1,3.7134697012028566,4.3893127,True
2001-04-08 22:19:38,1.0166483469081335,0,-0.15339052114731183,4.977449e-07,False
1988-12-19 00:59:38,0.8598672068970896,0,-0.6238038534990624,5.343135e-05,False
2018-02-03 22:48:57,1.130252591421809,0,0.18747287114092273,0.00010781834,True
1984-07-08 11:20:36,0.9482063092069004,0,-0.3587471541308026,2.6964722e-07,False
1970-12-08 08:51:11,1.1444923293317806,0,0.23019843469769666,9.898643e-05,True
1987-08-24 06:08:27,1.11745048541604,0,0.14906084436991032,1.7512653e-05,False
2022-11-17 00:31:09,1.019859436980272,0,-0.14375581903193058,1.5162778e-06,False
1982-10-20 16:08:04,0.9385313155265682,0,-0.38777644947414935,2.8800243e-06,False
1998-05-05 06:37:34,1.012941153208268,0,-0.16451375536989976,9.686923e-09,False
2007-01-02 18:22:12,0.98946147190654,0,-0.23496326940535642,1.4036334e-05,False
2001-05-31 07:02:38,1.1060289738295994,0,0.11479121649570802,1.3699333e-06,False
2017-04-09 16:52:10,1.0554577435097623,0,-0.03694502533929012,5.3841068e-06,False
2016-03-18 16:38:21,1.072760107830992,0,0.014969783146860644,6.297398e-06,False
1985-12-09 21:00:59,0.8952566564825603,0,-0.5176197237725989,3.6198117e-06,False
1975-12-16 03:39:45,0.9878257565717894,0,-0.23987114481272165,1.611519e-05,False
2000-06-23 17:38:57,1.161669686346228,0,0.28173816551986497,4.3018714e-05,False
2018-10-07 06:40:52,1.5990967550200397,1,1.594214430338522,0.4208048,True
1970-05-19 05:39:55,1.0310255468892264,0,-0.11025251007967311,9.3630415e-06,False
1988-09-21 07:04:12,0.9529124298937732,0,-0.3446266935026594,4.3359246e-06,False
2011-11-02 02:06:10,1.0478572007836005,0,-0.05975004277470227,7.779633e-06,False
1995-04-26 03:27:18,1.1362897276445243,0,0.20558697190705416,0.00013381954,True
1973-11-16 05:34:04,1.0023886072320387,0,-0.1961760989217031,2.6557125e-06,False
2012-12-24 04:43:18,0.9243152735160134,0,-0.4304309147661258,1.1588984e-05,False
1985-10-21 01:12:03,0.9145752223920331,0,-0.4596554114510281,2.0685063e-06,False
1970-03-01 21:51:14,0.9915640372557784,0,-0.22865463577536196,1.1575292e-05,False
2009-11-03 21:23:04,1.0488949697273189,0,-0.056636273178490924,4.3743294e-06,False
2011-11-30 02:47:49,1.0435547128641878,0,-0.0726594251113245,2.6207323e-05,False
2002-07-20 00:56:29,2.2653489391389527,1,3.593268079877826,4.044392,True
2019-12-05 05:45:24,0.9846061432387728,0,-0.24953142051145533,2.0626994e-05,False
1975-05-09 18:06:26,0.9597166752498374,0,-0.3242109232648642,1.697776e-06,False
2007-07-07 07:45:12,2.5259375093145287,1,4.37514999284539,6.5634656,True
1973-03-09 22:46:59,0.9667503869320792,0,-0.3031066517242203,3.3679524e-07,False
1975-08-07 08:16:53,0.9300479351932256,0,-0.4132303734087112,2.6985745e-06,False
2023-07-01 06:06:10,1.1144642854591786,0,0.1401009128840384,7.754301e-06,False
2023-01-24 04:52:11,1.006641730223519,0,-0.1834148333818352,8.707234e-07,False
1999-08-07 19:06:59,0.943353525676828,0,-0.3733076686888819,1.1934119e-06,False
1977-04-11 16:56:26,0.9917009370767428,0,-0.2282438752656878,1.1423296e-05,False
1992-05-22 00:47:47,0.972278994133145,0,-0.286518364787832,4.2465313e-06,False
1986-03-27 07:32:51,0.9607033627019248,0,-0.3212504209219587,1.079146e-06,False
2010-05-28 12:17:30,1.1533055630629097,0,0.2566420659148395,6.739975e-05,False
1998-02-27 18:20:53,1.0020704941787075,0,-0.19713057993562844,2.828116e-06,False
1982-03-11 19:32:27,0.943285452085538,0,-0.37351191981833265,1.2432787e-06,False
2007-03-28 10:08:49,1.204336117507626,0,0.40975648494767364,3.4672269e-06,False
2014-04-25 00:05:22,1.0480207359213034,0,-0.059259364437511786,7.1783265e-06,False
2019-06-25 08:28:53,1.08954034098081,0,0.06531796528846973,5.9915186e-05,False
1979-06-11 02:34:48,0.9865381595035372,0,-0.24373451018664483,1.7852772e-05,False
2006-06-20 05:08:25,1.036193929302052,0,-0.09474505814052951,1.5258731e-05,False
2002-10-25 22:21:45,0.7591831175959479,0,-0.9259010187551319,0.00013914415,True
1977-02-03 14:02:19,1.1833889845434895,0,0.3469057452465814,5.163383e-06,False
2014-01-03 11:25:35,1.2167029268336818,0,0.44686242757073935,1.8513829e-05,False
1981-04-20 14:34:52,1.1210234365051317,0,0.15978129089830656,3.4340483e-05,False
1998-05-14 11:51:25,0.9316527998266356,0,-0.40841506386240545,2.7324606e-06,False
1972-02-10 10:12:23,1.0736225334219758,0,0.017557444495231344,7.718419e-06,False
1972-02-03 06:52:42,1.012129896828969,0,-0.16694788626568727,1.1838266e-09,False
2000-04-09 06:52:07,0.8395022860411026,0,-0.684907697253928,1.0415238e-06,False
1972-09-11 15:00:53,1.1659673539968445,0,0.2946330849006301,3.2611995e-05,False
1999-06-23 09:54:24,0.9249342811453086,0,-0.42857361584849185,9.941949e-06,False
1980-02-19 15:59:39,0.8942444862717543,0,-0.5206566857550086,1.9277395e-06,False
2000-03-19 03:22:36,1.0544249965906984,0,-0.040043726622101365,2.6443358e-06,False
2019-02-07 03:54:45,0.990027023227014,0,-0.23326636325158462,1.3351195e-05,False
2008-06-25 02:14:19,1.0162111490417285,0,-0.15470230970311766,4.0189894e-07,False
1974-01-06 11:38:46,2.1725006510861347,1,3.3146818125308433,3.2992404,True
2015-10-19 22:11:48,0.9295474622247606,0,-0.41473201548652117,2.68801e-06,False
1996-02-17 08:02:04,1.7573786878132411,1,2.069130810274787,0.937115,True
1976-04-03 18:50:11,0.9627853880994072,0,-0.31500341630646944,2.317143e-07,False
2015-09-09 11:53:15,0.9388643477527228,0,-0.3867772042889514,2.887312e-06,False
1970-12-02 14:08:25,1.110228875146162,0,0.12739279327805267,6.380443e-07,False
2013-10-23 18:54:43,0.99222824971161,0,-0.2266617022202461,1.0846746e-05,False
1998-10-15 14:42:31,1.166838015704326,0,0.29724545827116844,3.067887e-05,False
1981-03-24 06:02:45,0.9332277121332786,0,-0.4036896246528327,2.7658643e-06,False
2002-12-08 11:41:47,1.1268873933982655,0,0.17737577645104444,7.488576e-05,False
1976-11-06 03:51:49,0.9757587617553868,0,-0.2760775102126377,8.954942e-06,False
2014-12-07 16:44:45,0.8410271640443227,0,-0.6803323832660713,1.5149091e-07,False
2001-04-12 16:28:26,0.992139644740326,0,-0.22692755664509415,1.0942556e-05,False
1972-07-06 11:19:22,0.9501446215937452,0,-0.3529313526321649,1.3525826e-06,False
1989-02-07 23:45:04,0.9642107746466008,0,-0.31072662105222226,9.9319095e-09,False
1981-01-24 23:03:10,1.1374850572980737,0,0.20917349389270518,0.00012841704,True
1990-09-11 21:47:09,1.0040334551591965,0,-0.19124082166468312,1.8504085e-06,False
1997-06-30 15:19:32,1.079045501040642,0,0.03382876557729942,1.9970628e-05,False
2008-03-09 01:06:17,0.9390774415565236,0,-0.3861378278541174,2.89177e-06,False
1974-09-06 15:29:53,1.077379795331188,0,0.028830905672426306,1.5599364e-05,False
2024-07-01 15:00:30,1.0474114266909371,0,-0.06108756383361959,9.541389e-06,False
1986-05-08 23:32:42,0.9698175397758,0,-0.29390382547901484,1.9647423e-06,False
1975-08-11 08:58:41,0.9345250853438604,0,-0.39979692649251397,2.7934905e-06,False
1979-10-22 18:12:53,0.8600924114323947,0,-0.6231281394692618,5.4750828e-05,False
1995-08-20 13:29:21,1.0791242188699022,0,0.034064954167172,2.019038e-05,False
1982-06-30 11:00:38,1.827304538660315,1,2.2789395443622316,1.2326633,True
1999-09-17 15:46:11,1.0056059277470917,0,-0.1865227026992805,1.2160149e-06,False
2014-07-05 01:00:22,0.9273612764269286,0,-0.42129154775057914,4.037895e-06,False
1996-03-22 08:56:12,0.9860167167574476,0,-0.2452990709482349,1.8581855e-05,False
1991-06-29 00:49:09,1.0199046761801212,0,-0.14362008125918285,1.5345715e-06,False
2022-09-25 12:43:55,1.0101723174265833,0,-0.17282149740255295,1.2600758e-07,False
2005-11-10 12:58:38,3.2588638557765224,1,6.574255860957418,17.15848,True
2023-01-17 07:10:45,1.0315280422272486,0,-0.10874479999137059,9.873424e-06,False
2013-03-24 20:47:13,0.9261363391187328,0,-0.42496690590290376,6.690824e-06,False
2019-02-07 03:00:48,0.9049431810490368,0,-0.48855583062893154,2.5607994e-07,False
2009-06-05 07:49:08,0.99277581003834,0,-0.22501877707030446,1.0264298e-05,False
2018-10-28 10:37:39,1.0405499185335303,0,-0.08167514801024375,2.1340964e-05,False
1990-02-08 04:01:55,2.0538099727523207,1,2.958556850624289,2.4677072,True
2003-01-11 13:38:35,1.2324805916509587,0,0.4942024576464321,5.5006927e-05,False
2000-06-04 15:58:34,0.9648870461750376,0,-0.3086975049018729,6.638917e-09,False
1997-05-08 08:42:19,0.9558213591461626,0,-0.3358986085869891,5.5036185e-06,False
1981-10-16 15:59:43,0.9539882973707584,0,-0.341398611317635,5.9513004e-06,False
1975-09-18 00:44:34,0.983763906771703,0,-0.2520585054852894,2.1898288e-05,False
2024-08-13 16:18:04,0.9362021862720794,0,-0.3947648758499548,2.8294694e-06,False
1985-09-26 13:37:49,0.8285128581825146,0,-0.7178808812684935,3.102484e-05,False
2022-07-27 17:38:15,1.0793943656796503,0,0.03487551506109623,2.0954314e-05,False
2009-08-10 03:49:56,0.9024921346321912,0,-0.4959100628574759,1.0017035e-06,False
2017-05-23 15:37:05,2.09528590023697,1,3.083003128148863,2.7398276,True
1990-11-05 09:47:06,1.124717063627111,0,0.1708638193375866,5.763858e-05,False
1983-07-07 12:03:11,1.0515575025667232,0,-0.048647487375607194,9.094428e-08,False
1982-06-30 02:22:54,0.8664471950878678,0,-0.6040609547585564,9.86561e-05,True
2022-02-27 05:46:06,1.0167395539180213,0,-0.1531168594463438,5.191216e-07,False
1974-06-27 03:24:20,1.1530982161472667,0,0.2560199327071489,6.80728e-05,False
1994-06-06 14:43:54,0.9698384129667256,0,-0.29384119659840185,1.9804804e-06,False
2018-12-10 15:03:08,1.0035549162613762,0,-0.19267665174965218,2.069578e-06,False
1974-09-21 03:09:01,0.995741059107484,0,-0.216121707590068,7.3886667e-06,False
2015-03-31 07:00:36,0.8966948385857731,0,-0.5133045361444609,4.713154e-06,False
1996-02-03 13:12:56,0.8623471311234194,0,-0.6163629749647854,6.885944e-05,False
1982-05-06 09:31:45,1.1169197409487983,0,0.14746837429701207,1.5491452e-05,False
2021-01-18 13:44:13,1.0086474960161724,0,-0.17739664158674595,3.6559487e-07,False
1999-01-06 02:08:44,1.0770169485750871,0,0.02774220360240395,1.4718057e-05,False
1982-07-10 05:24:50,0.972482577172266,0,-0.2859075248881063,4.4745334e-06,False
2000-10-02 07:00:53,0.9135434350216398,0,-0.462751233659943,1.5128303e-06,False
1997-06-16 06:17:45,0.9656585057294208,0,-0.30638278222715304,8.293239e-08,False
1987-11-27 16:30:17,1.0834222810361245,0,0.046961057270677904,3.402732e-05,False
1984-07-18 00:44:56,1.1160509749228895,0,0.14486168881652026,1.2450877e-05,False
1991-12-22 14:38:04,0.910391111218104,0,-0.4722096107642845,3.5243488e-07,False
2021-09-30 17:21:37,1.8121912532289703,1,2.233592948706394,1.1653595,True
1981-09-20 23:47:28,1.1427892004493878,0,0.2250882885861525,0.00010578807,True
2000-03-16 11:45:37,2.1612133318982085,1,3.2808148216916635,3.213822,True
1999-09-14 05:15:36,0.984037278218756,0,-0.25123826924151066,2.1481348e-05,False
1997-02-28 01:32:36,0.9349123272863916,0,-0.39863502798482575,2.8017653e-06,False
2005-04-01 00:16:07,0.9291514372622924,0,-0.41592026697057083,2.6796124e-06,False
2013-06-08 20:23:00,0.8555128079536067,0,-0.6368689920562156,3.1069343e-05,False
1985-06-02 11:51:39,0.9859520385479028,0,-0.2454931344183715,1.8673307e-05,False
1973-06-06 16:12:27,1.0715687572983643,0,0.011395200298356176,4.5710876e-06,False
1992-09-24 17:58:16,3.059410769258605,1,5.975807660682014,13.780535,True
1992-08-22 09:51:41,0.8081461623593639,0,-0.7789900507163489,3.984e-05,False
1999-04-10 15:46:59,1.0394682620100315,0,-0.08492059991627805,1.9735722e-05,False
1980-12-13 22:14:32,0.9772162014086,0,-0.27170454134711397,1.144335e-05,False
1980-04-09 22:16:19,1.11941449366574,0,0.1549537449154898,2.6068214e-05,False
2015-08-15 09:20:54,1.1100620573633326,0,0.126892265541676,5.192075e-07,False
1997-02-19 05:22:10,0.8714686587933093,0,-0.5889943244559978,0.00010365782,True
1998-12-02 08:49:21,1.0144420656748787,0,-0.16001034867865538,1.1849548e-07,False
1995-12-29 18:11:24,0.9026776999762396,0,-0.4953532840774732,9.280626e-07,False
1991-05-05 01:33:31,1.0797499672712514,0,0.035942478406833275,2.1981836e-05,False
1999-05-20 21:32:19,0.952464285539543,0,-0.34597132640323164,3.7382501e-06,False
2006-12-19 12:14:30,0.9409232653726634,0,-0.38059953331037727,2.9322516e-06,False
1995-12-11 16:45:03,0.852505553515099,0,-0.6458920963757042,1.9033692e-05,False
2015-11-11 22:48:56,1.1214712621107354,0,0.16112496741086196,3.6844755e-05,False
2000-01-18 17:19:29,1.0980980459581091,0,0.09099489629797043,2.3903889e-05,False
1974-07-20 18:07:23,0.9454283772535712,0,-0.36708218873458176,1.6268689e-07,False
2011-09-29 06:41:51,1.2360782756420603,0,0.5049971139098286,6.9855196e-05,False
1991-09-11 10:45:36,1.0251060966423573,0,-0.1280135004393806,4.37031e-06,False
2006-01-17 13:20:09,2.0974638995947816,1,3.089538097442338,2.75451,True
2006-11-20 03:52:20,0.943108648637882,0,-0.3740424090020272,1.377653e-06,False
2018-10-12 05:24:17,1.0715459525666755,0,0.011326775934135046,4.541134e-06,False
1978-04-16 20:45:30,0.7788133471110982,0,-0.8670015766385543,2.0577756e-05,False
2006-05-24 18:28:25,1.0548285926256202,0,-0.03883275854457533,3.6002054e-06,False
1993-02-23 22:58:02,1.046869997896918,0,-0.06271209165123698,1.1922035e-05,False
2020-03-07 07:47:59,0.9768418225312672,0,-0.2728278449232701,1.0775115e-05,False
2019-11-04 06:02:14,1.2316482950459793,0,0.49170519669128254,5.259853e-05,False
2016-09-04 07:39:39,1.119360473725549,0,0.15479166100618205,2.5809726e-05,False
2015-07-01 17:03:01,0.996342830356972,0,-0.21431612549795415,6.862431e-06,False
1990-03-04 15:56:42,0.982478493038328,0,-0.2559153198809816,2.2961596e-05,False
1973-07-31 05:13:13,2.056742064221821,1,2.967354432519858,2.4864771,True
1993-09-25 02:20:59,0.7860445170270812,0,-0.8453048423455156,3.467005e-06,False
1985-11-22 05:17:56,0.9660855003120116,0,-0.3051016080726692,1.6187052e-07,False
2006-09-19 09:23:24,1.0460189512870597,0,-0.06526561098208204,1.6200423e-05,False
1991-10-22 18:11:34,0.9958884761491764,0,-0.21567939072833908,7.2579346e-06,False
2013-09-18 23:41:19,1.0710020408765846,0,0.0096947983211216,3.8468884e-06,False
1974-11-23 14:32:36,1.023698996923994,0,-0.13223542705261898,3.4602936e-06,False
1998-11-24 05:44:11,1.054452093155005,0,-0.03996242484620007,2.7038889e-06,False
1988-05-23 08:52:46,1.0358159584467963,0,-0.09587913925219958,1.4779433e-05,False
2022-03-19 01:37:31,1.0270677077846788,0,-0.12212779228486158,5.8169117e-06,False
2001-09-05 01:47:43,0.926246132491584,0,-0.4246374768249583,6.4258497e-06,False
1978-03-19 02:50:29,1.01980851602941,0,-0.14390860459134086,1.4958332e-06,False
1997-06-29 13:43:51,0.7909584757895172,0,-0.8305607748109018,1.9984014e-09,False
2002-07-11 01:26:27,1.0912046525268964,0,0.07031164208155107,6.5955464e-05,False
2006-02-21 21:25:08,0.8460110801462309,0,-0.6653784125174527,2.8026632e-06,False
1985-03-22 10:07:53,0.9819522559295067,0,-0.25749426586868346,2.163134e-05,False
2019-07-05 05:05:56,0.982101101157724,0,-0.25704766381051886,2.2003009e-05,False
1975-07-29 07:08:49,0.8359701657084373,0,-0.6955056333056712,6.1644523e-06,False
2010-07-04 04:22:56,1.0226011536843465,0,-0.1355294463251289,2.823507e-06,False
1985-03-01 15:32:13,0.925375074623096,0,-0.42725103885517324,8.674991e-06,False
1990-08-11 15:31:11,1.025986444199155,0,-0.12537206520175065,4.994205e-06,False
2020-04-22 20:17:04,0.8946655894791633,0,-0.5193931883531698,2.5673398e-06,False
1993-08-19 09:47:25,1.050118641036635,0,-0.052964713587343205,1.6100812e-06,False
1989-08-11 03:01:10,1.0003248236265303,0,-0.20236837002683558,3.8713088e-06,False
1971-04-25 09:06:54,1.0863052555929378,0,0.055611266525823794,4.532035e-05,False
1977-01-21 21:18:34,1.1572933276901791,0,0.26860713803267283,5.5096705e-05,False
2005-02-01 03:25:25,1.0272795692012904,0,-0.12149211356114528,5.9851554e-06,False
2018-11-16 13:27:08,0.9914122221396868,0,-0.2291101488214908,1.17449335e-05,False
2018-06-29 19:48:36,0.9275275156380564,0,-0.42079275598730553,3.7292666e-06,False
2011-05-16 03:23:34,1.087765706965317,0,0.059993271891840554,5.1657007e-05,False
2013-09-14 07:49:26,1.147217260192367,0,0.23837444238884017,8.857491e-05,False
1998-02-12 00:20:32,0.9188927266966136,0,-0.4467009732627508,5.3346216e-06,False
2011-11-19 03:03:56,0.8944549531490165,0,-0.5200251912711977,2.2361055e-06,False
2016-03-07 04:45:10,0.9605355887919343,0,-0.3217538174661778,1.1744743e-06,False
1980-02-06 01:45:38,1.121838511607465,0,0.16222687966605326,3.8965627e-05,False
2000-11-13 11:15:35,1.0044859095859704,0,-0.1898832566245194,1.6542559e-06,False
1990-09-26 06:19:58,0.970484927017867,0,-0.2919013661494827,2.49753e-06,False
1993-02-17 14:53:57,0.9600370148330784,0,-0.3232497616683486,1.4815429e-06,False
1981-01-04 06:22:42,0.83145332283071,0,-0.7090581761030463,1.8944862e-05,False
1994-06-20 04:50:18,0.9670865719086776,0,-0.3020979468818065,4.4948047e-07,False
1997-05-05 17:37:29,0.967004052366448,0,-0.3023455423058584,4.2031846e-07,False
1984-07-20 18:42:04,0.9815137986234068,0,-0.2588098333051871,2.0552618e-05,False
1982-03-24 16:49:46,1.060534978270074,0,-0.021711057002524018,1.6942587e-06,False
2016-04-18 09:48:46,1.22864472757318,0,0.48269315491302206,4.435103e-05,False
1974-02-09 09:33:33,1.005656982594492,0,-0.18636951539054777,1.1975176e-06,False
1984-11-02 16:37:35,1.019728929165762,0,-0.14414740067189855,1.4641099e-06,False
2015-05-23 16:35:22,0.9025828722988802,0,-0.49563780939539503,9.653513e-07,False
2003-01-27 20:22:44,1.0570733405113244,0,-0.032097513902718144,5.667887e-06,False
1981-11-26 07:39:11,0.91688865647951,0,-0.4527140775750947,3.629798e-06,False
2000-08-21 14:56:16,1.1547852805298005,0,0.26108187815558576,6.2689534e-05,False
1990-03-07 02:04:10,1.1411955859264775,0,0.22030673438802914,0.000112355905,True
1973-11-26 14:55:30,1.0854761485967148,0,0.05312357581926356,4.1906977e-05,False
1980-10-18 21:35:47,0.8345348624345335,0,-0.6998121831621458,9.4673815e-06,False
2015-10-08 12:07:59,1.0289854453482683,0,-0.11637372443077716,7.430039e-06,False
1982-01-11 02:09:36,0.8363411540856847,0,-0.6943925027416734,5.4250363e-06,False
1983-03-09 07:57:40,1.0405486257098129,0,-0.08167902705789584,2.1338694e-05,False
1983-12-22 07:09:17,0.9160282848518774,0,-0.45529557611750265,2.9979376e-06,False
2011-01-02 19:30:26,1.163921843731961,0,0.28849564196587535,3.7386173e-05,False
2003-09-18 10:28:10,0.8307254127647377,0,-0.7112422308928147,2.1659625e-05,False
1980-11-17 12:07:12,1.0289745918913489,0,-0.11640628964134167,7.4206596e-06,False
2004-05-23 21:03:12,1.2251276465822116,0,0.47214034359275814,3.5586847e-05,False
2000-06-17 16:19:37,2.9784833884480784,1,5.732989430868802,12.515437,True
1996-04-12 22:20:18,0.9393051361588032,0,-0.3854546425130152,2.8968402e-06,False
1997-03-11 08:04:23,0.9723501997188664,0,-0.2863047162784584,4.325629e-06,False
1979-03-14 10:34:48,0.9327104262717076,0,-0.40524171290721644,2.7547733e-06,False
1990-09-05 21:34:30,0.9275766503520602,0,-0.4206453299349943,3.640253e-06,False
2009-09-23 17:47:02,1.204182623291178,0,0.40929593385172636,3.3551628e-06,False
1998-10-27 02:39:34,0.9646566827860128,0,-0.3093886977932843,3.915943e-10,False
1971-09-07 06:28:18,0.9141584524607068,0,-0.4609059070923114,1.8333401e-06,False
1979-07-31 05:28:58,0.7931734206049977,0,-0.8239149526695904,5.998545e-07,False
2019-06-17 17:45:07,0.8237156696010501,0,-0.7322745861896818,5.7091656e-05,False
1974-05-05 02:33:30,0.9165770976320612,0,-0.4536488930487017,3.3941428e-06,False
1990-08-16 12:52:36,1.0577042489944908,0,-0.030204507116606123,4.770173e-06,False
1985-12-17 06:01:30,0.9794799544296162,0,-0.2649122728244934,1.5911495e-05,False
1993-11-14 00:37:56,0.912705112064326,0,-0.46526657635938484,1.1249463e-06,False
1988-01-16 00:56:44,1.1213609182687545,0,0.16079388668006045,3.6219168e-05,False
2002-02-10 11:28:48,0.9777039874968714,0,-0.2702409655672568,1.234374e-05,False
1975-07-18 17:34:37,0.8547524523259783,0,-0.6391503979991747,2.7781742e-05,False
1997-04-26 21:56:14,0.9977490490750452,0,-0.21009684227844422,5.7090956e-06,False
2002-07-27 20:23:11,1.0431397039165853,0,-0.07390463701617307,2.5439364e-05,False
1982-08-23 16:24:18,1.0977680009667403,0,0.09000461414920648,2.5441168e-05,False
2014-01-06 01:51:44,1.0340171234338535,0,-0.10127644643295997,1.2601181e-05,False
2023-01-31 11:33:20,0.9469339120825851,0,-0.36256491289491005,9.352541e-09,False
1988-03-27 12:18:00,0.9629448202750676,0,-0.31452504868501185,1.923445e-07,False
1976-04-28 23:09:53,0.7925974440790918,0,-0.825643139088497,3.1525502e-07,False
1979-11-05 09:15:46,0.9115674524506688,0,-0.46868006250896116,6.906733e-07,False
2002-07-10 03:32:46,0.9754648584055688,0,-0.2769593513203593,8.490247e-06,False
2020-01-07 12:49:09,0.9054250055949562,0,-0.48711014213451925,1.6711618e-07,False
2019-03-30 07:23:20,1.281079540401727,0,0.6400209752884805,0.004209354,True
2019-01-27 03:51:46,1.197888495848227,0,0.3904107448265881,3.474281e-07,False
2017-05-14 00:23:15,1.0090597454762875,0,-0.1761597093748786,2.885377e-07,False
2023-10-15 06:21:24,1.0626456489881515,0,-0.01537810365164141,4.1435615e-07,False
1986-09-27 03:02:43,2.7477746549676763,1,5.04076035209362,9.243161,True
1975-08-03 01:03:04,0.8949700181301911,0,-0.5184797666483447,3.0869298e-06,False
2008-12-12 20:05:13,1.1209353575134222,0,0.1595170146467286,3.3857556e-05,False
2012-01-16 09:13:10,1.1274411105167812,0,0.1790371747217984,7.9892096e-05,False
1987-03-17 06:27:01,0.971879921389883,0,-0.2877157609733388,3.817608e-06,False
2007-10-23 00:12:09,0.9311808725851212,0,-0.4098310560301671,2.72242e-06,False
1973-06-01 03:18:49,1.0685122004424312,0,0.0022241667415087763,1.4047828e-06,False
1987-10-25 11:22:21,1.180394661883778,0,0.337921442030059,8.198418e-06,False
1980-04-09 01:41:18,1.1073504952742446,0,0.11875637012647018,3.034617e-07,False
1993-06-28 09:27:53,0.8438144348647021,0,-0.6719693278967257,5.8453486e-07,False
2022-01-14 21:52:52,1.256939276822432,0,0.5675894198514816,0.00062727777,True
2009-01-12 11:41:16,1.027366584518812,0,-0.12123102880644764,6.055354e-06,False
1996-04-06 17:57:44,1.0225999055253403,0,-0.13553319135873018,2.822906e-06,False
1986-08-21 21:37:43,1.0040228386412364,0,-0.19127267595271305,1.8549517e-06,False
1994-04-26 23:34:36,0.9777377471386448,0,-0.2701396715877352,1.2407064e-05,False
1979-04-05 02:39:51,0.9474682743690022,0,-0.3609615877512173,7.515908e-08,False
1975-06-08 12:06:41,0.977756934718646,0,-0.27008210029154817,1.2443833e-05,False
2014-11-27 13:17:39,0.8877721186896325,0,-0.5400766746790394,3.6080273e-06,False
1993-01-07 14:59:36,2.8182950408865453,1,5.252352956513321,10.190871,True
1998-02-06 08:28:49,0.9995019370400492,0,-0.2048373967303464,4.4197927e-06,False
2010-11-08 19:41:24,0.977442578471984,0,-0.27102530921021933,1.1856936e-05,False
1979-09-14 05:08:27,1.0659808844327068,0,-0.005370910059731059,1.5691872e-07,False
1994-05-15 08:25:10,1.012859117110532,0,-0.16475990024489195,7.234494e-09,False
2004-08-17 23:10:57,0.9035417094006276,0,-0.4927608705226218,6.225e-07,False
1978-04-24 14:24:35,1.0995402154950986,0,0.09532204800552674,1.7748724e-05,False
2011-05-30 19:41:46,1.061566962697441,0,-0.018614643534815383,9.602376e-07,False
1984-03-07 05:21:32,0.9698213546666504,0,-0.2938923791053159,1.9675838e-06,False
1995-03-19 23:27:44,0.9757670058686014,0,-0.2760527741967539,8.968325e-06,False
1986-07-10 16:46:32,2.466133965297,1,4.1957126930161595,5.919371,True
1998-09-21 07:05:15,0.982908837098753,0,-0.2546240957993859,2.354361e-05,False
1989-03-30 23:29:36,0.8736007915791422,0,-0.5825969753314192,8.2776736e-05,False
2000-07-20 13:30:13,1.1129919671208168,0,0.13568330132832077,4.386024e-06,False
2019-02-16 08:02:17,0.9354125221494636,0,-0.3971342203472085,2.8127506e-06,False
1993-08-13 23:43:22,0.9436651647443962,0,-0.37237261251914455,9.779835e-07,False
2017-10-27 10:19:46,0.9335834008558348,0,-0.40262239987537657,2.7735025e-06,False
2013-12-28 20:51:37,1.0145941784998378,0,-0.15955394237316864,1.3628012e-07,False
2005-08-26 05:00:37,1.8528525737357544,1,2.355595042045373,1.3507329,True
2001-08-09 12:45:05,0.8973005831461935,0,-0.5114870323477592,4.197054e-06,False
1990-09-30 09:19:39,1.0564673396324025,0,-0.03391578676922284,6.6028106e-06,False
2024-01-21 01:22:43,0.9948977937814554,0,-0.21865187959957033,8.158276e-06,False
2015-07-17 14:22:36,0.9681910957712492,0,-0.2987838827614812,9.335256e-07,False
1986-11-12 22:38:08,1.0636081773195878,0,-0.012490089443797162,1.18018285e-07,False
1990-09-07 05:01:06,1.10232930370409,0,0.10369055635112358,8.439826e-06,False
2013-01-26 19:09:25,1.0760745283353763,0,0.024914522636397023,1.2550267e-05,False
1973-01-15 10:34:11,0.98294201139152,0,-0.25452455812790403,2.342922e-05,False
1992-12-31 20:37:50,0.9580012668983234,0,-0.32935791325946984,3.105914e-06,False
2022-05-29 01:51:57,1.1072980779257688,0,0.11859909470694097,3.311805e-07,False
2007-05-24 21:56:00,0.8633367737916788,0,-0.613393605655565,7.556272e-05,False
1975-01-25 13:35:02,0.955574817078104,0,-0.3366383447299473,5.81799e-06,False
1980-08-17 21:51:50,0.8356237498788801,0,-0.6965450352691338,6.896512e-06,False
1979-02-11 20:44:00,1.0125571649188003,0,-0.1656658914675183,1.264099e-09,False
2002-10-27 05:22:42,1.0333392816932274,0,-0.10331027392007089,1.18254e-05,False
1973-11-15 20:59:05,0.9640872989383146,0,-0.3110971032377409,1.7603966e-08,False
2021-06-11 23:57:35,1.001083461671673,0,-0.20009211759724307,3.3978224e-06,False
1989-10-10 14:52:00,0.8823231869763333,0,-0.556425899622994,2.1784079e-05,False
1970-09-05 08:39:49,0.9108975901240164,0,-0.47068994819594673,4.842134e-07,False
1980-09-06 09:00:16,1.1139335932167078,0,0.13850859950874123,6.4303076e-06,False
1975-04-17 00:40:54,1.2978331384919854,0,0.6902892403742251,0.008803653,True
1996-08-19 14:12:06,1.0376862475407138,0,-0.09026743796549573,1.7228278e-05,False
2002-12-30 14:19:51,1.1666033901787625,0,0.2965414770695558,3.1194057e-05,False
1970-11-14 23:11:24,1.184990467330361,0,0.35171090774522856,3.8264643e-06,False
2005-07-31 10:45:25,1.0344337299792763,0,-0.10002644102224499,1.3090207e-05,False
1981-10-21 17:16:41,1.0568179723116058,0,-0.032863732376431476,6.053502e-06,False
2001-06-12 18:06:15,1.076503137578257,0,0.026200541491764838,1.3514997e-05,False
2004-02-20 04:48:56,0.9346414330032662,0,-0.3994478316321975,2.796181e-06,False
2002-09-16 20:20:27,0.9660802464893388,0,-0.30511737188348803,1.6076928e-07,False
1973-07-06 05:12:51,1.1030833556450352,0,0.10595304842307414,6.5108543e-06,False
2014-01-13 11:07:56,0.7821401550163778,0,-0.8570196694225046,1.0929054e-05,False
1999-10-07 07:46:39,1.0285303543690003,0,-0.11773920030412262,7.029136e-06,False
1986-06-25 20:40:47,1.0588593692207433,0,-0.026738631343154788,3.3269248e-06,False
1984-02-04 14:35:23,1.1272039516043728,0,0.17832559222995603,7.772718e-05,False
1991-10-18 23:08:09,0.935645167611516,0,-0.3964361802190856,2.817651e-06,False
2017-11-03 07:12:10,0.9419984114332948,0,-0.37737361569611033,2.3793327e-06,False
2002-02-08 10:23:25,1.089975328092072,0,0.06662312059302011,6.203269e-05,False
1970-04-27 18:43:26,1.8320960194184104,1,2.293316123268063,1.254396,True
2018-05-04 22:36:11,0.8798833561965393,0,-0.5637464799390728,3.488982e-05,False
2006-11-11 01:58:52,0.866184707493635,0,-0.6048485345905142,9.658785e-05,True
2013-01-28 20:06:11,0.9132046686572596,0,-0.4637676838168022,1.3491187e-06,False
2010-11-25 11:51:46,0.7582158031118135,0,-0.9288033935553263,0.00014771061,True
2010-02-05 17:57:45,1.1814490745688264,0,0.3410851502720878,7.0502883e-06,False
1980-11-17 15:07:29,0.9717877075346716,0,-0.28799244365925336,3.7216735e-06,False
2021-04-01 17:04:49,1.109270296746874,0,0.12451663062801883,1.2199357e-07,False
2015-04-05 13:30:48,1.7610971726687357,1,2.080287922999248,0.9518133,True
2011-10-12 14:56:47,0.9189743931292944,0,-0.4464559375477665,5.411162e-06,False
2003-06-13 11:27:36,1.1544139049758886,0,0.25996758588894353,6.385538e-05,False
2006-07-21 22:52:55,0.9861811629330386,0,-0.2448056590911276,1.8350054e-05,False
1976-07-29 15:40:38,1.1781912884992245,0,0.3313103393414963,1.0877292e-05,False
1994-04-18 02:58:21,0.9063659941129224,0,-0.4842867569721838,4.7929408e-08,False
2015-06-17 06:42:02,1.0524566737914642,0,-0.04594957274024072,9.173013e-08,False
2018-10-25 11:25:05,1.1221691371619773,0,0.16321890376313436,4.0924962e-05,False
2016-09-25 03:51:06,0.9794222743087624,0,-0.2650853389079483,1.5788339e-05,False
2007-03-03 01:51:29,1.084593441500544,0,0.05047506091134171,3.8419592e-05,False
2007-10-15 23:23:55,0.837171372078619,0,-0.69190147854956,3.942172e-06,False
1970-08-11 20:36:45,1.0673434097709933,0,-0.0012827264634649184,6.737183e-07,False
1982-01-20 08:09:13,0.6354133261441995,0,-1.2972655849089232,0.0047423146,True
2017-02-24 01:00:33,1.213411841843541,0,0.43698770502977596,1.33462945e-05,False
2001-12-01 14:46:48,1.011621312795914,0,-0.1684738651541775,1.3850788e-08,False
2016-07-21 16:31:02,0.972917430269674,0,-0.28460277168487813,4.9805612e-06,False
2011-05-27 14:19:12,0.9668156009631428,0,-0.30291098055059207,3.5740618e-07,False
1995-10-21 06:10:07,0.8540302984843715,0,-0.6413171815490133,2.4830368e-05,False
1993-06-04 20:48:08,0.8536174945663395,0,-0.642555777381877,2.3217934e-05,False
2013-10-22 22:16:57,0.8795254293548496,0,-0.5648204200719584,3.7071226e-05,False
1997-01-18 08:36:58,1.111016009341323,0,0.12975454686478927,1.3636966e-06,False
1980-04-14 05:51:08,0.982435427766744,0,-0.25604453489952944,2.2851196e-05,False
1999-01-19 12:01:27,1.1129224193163,0,0.1354746269018039,4.2507086e-06,False
2004-01-08 09:10:09,1.084778647023738,0,0.05103076006832867,3.91386e-05,False
1997-07-02 02:13:39,0.8828235010745977,0,-0.5549247342266296,1.947675e-05,False
2012-09-25 05:10:14,0.9545705714396892,0,-0.33965152946143445,6.661255e-06,False
2002-11-23 02:42:33,0.9451661794884656,0,-0.3678688989499165,2.4048944e-07,False
2022-05-18 13:25:39,1.233850626440601,0,0.498313172945403,5.9092297e-05,False
1975-01-12 16:37:09,2.6491622845368976,1,4.744879267275764,7.9954686,True
2008-11-10 20:11:05,0.9399094313675712,0,-0.38364148741756976,2.910145e-06,False
1979-09-26 00:05:33,2.6528553348247628,1,4.755960064955477,8.040567,True
1999-11-22 12:32:06,0.9885561263559068,0,-0.23767970977167327,1.51696295e-05,False
2018-03-27 16:23:40,0.979373624723835,0,-0.26523130935669986,1.5685247e-05,False
1981-03-24 02:25:17,0.9400606645740508,0,-0.3831877203597637,2.913298e-06,False
2022-05-10 00:39:24,0.9981537384106348,0,-0.20888259381138694,5.3968906e-06,False
2009-05-10 14:04:37,0.9642690675309,0,-0.31055171640518575,7.0581416e-09,False
2018-01-28 09:57:14,0.8851930803566945,0,-0.5478149397304019,1.0301092e-05,False
1989-08-14 14:19:46,0.9866951896127328,0,-0.24326334983571815,1.7636217e-05,False
2016-01-22 11:12:42,0.9769799693947444,0,-0.2724133427299726,1.1018895e-05,False
2008-05-25 01:40:20,1.1072279757841086,0,0.11838875702180185,3.7000493e-07,False
1972-11-20 18:39:31,0.9206803210727418,0,-0.44133739300489283,7.1321892e-06,False
2019-10-04 17:08:06,0.9948039097993384,0,-0.21893357341094957,8.246701e-06,False
1992-03-09 10:19:34,1.034306394346396,0,-0.10040850470277539,1.2939633e-05,False
1983-10-15 08:28:12,1.0404952278828756,0,-0.08183924435002757,2.1257958e-05,False
1971-09-08 11:00:20,0.9866820357257294,0,-0.2433028173623493,1.7653869e-05,False
1976-05-10 14:10:29,0.97729578387585,0,-0.27146575845771015,1.15877665e-05,False
2015-12-02 12:59:56,1.1473379856087815,0,0.23873667247232566,8.812643e-05,False
1974-11-20 03:34:47,1.118982101665916,0,0.1536563761024739,2.4038567e-05,False
2017-09-23 01:32:54,1.0397772427870726,0,-0.0839935198035151,2.0187568e-05,False
2007-09-29 22:22:21,0.99436051406476,0,-0.22026395833504753,8.668847e-06,False
1983-10-28 11:10:50,2.2901243961810582,1,3.66760549895064,4.2560406,True
2017-02-19 18:56:06,0.905367212990038,0,-0.48728354572032656,1.768293e-07,False
2001-04-23 06:27:47,1.127814258298956,0,0.18015678446350708,8.335883e-05,False
1990-08-04 16:16:17,0.90907813165105,0,-0.47614913495325345,1.0795864e-07,False
1987-06-26 21:15:58,0.9674597495458548,0,-0.3009782475617781,5.9336304e-07,False
1998-08-09 11:24:10,1.052507523478723,0,-0.0457970010034189,1.1364497e-07,False
1996-11-23 04:18:36,0.9211257073243744,0,-0.4400010356420149,7.620194e-06,False
2014-10-18 09:50:56,2.2519155159886397,1,3.5529618201543363,3.9318914,True
2003-11-19 03:40:42,1.0182362245065375,0,-0.14862618028093413,9.323742e-07,False
1975-08-08 11:53:27,2.459787951401908,1,4.176671821497235,5.852978,True
2004-01-20 06:57:33,1.032878274043086,0,-0.10469350244441646,1.1311813e-05,False
1982-12-21 03:43:53,0.9598406568476098,0,-0.3238389231852992,1.6125118e-06,False
1978-02-27 10:37:57,0.7807219802652086,0,-0.861274826072773,1.4671303e-05,False
2009-03-07 02:24:13,0.8792414322888834,0,-0.5656725379106847,3.8848517e-05,False
2014-11-18 00:24:52,1.00374174011205,0,-0.19211609688857567,1.9824522e-06,False
1986-03-27 13:09:38,0.9852479597514456,0,-0.24760568477268263,1.9683263e-05,False
1972-01-13 09:51:25,0.9975917090046044,0,-0.21056893265132542,5.8329515e-06,False
2022-05-22 08:48:11,0.7903185963766239,0,-0.8324806983865384,7.9081715e-08,False
1982-10-03 13:46:14,0.9010217894917276,0,-0.5003217539396047,1.6837479e-06,False
2023-02-06 09:56:39,0.8422741133907833,0,-0.6765909791832775,1.6118307e-08,False
2023-10-09 06:19:26,0.9880047915124488,0,-0.23933396015494293,1.5880601e-05,False
1986-06-16 20:10:53,0.9616006706939044,0,-0.3185580968157348,6.3759205e-07,False
2002-05-14 16:23:30,0.9669530751154116,0,-0.30249849679089713,4.027685e-07,False
2020-06-08 22:59:17,1.0569956767281286,0,-0.03233053988437403,5.7839843e-06,False
2017-04-16 01:08:22,2.615038154780308,1,4.642491661271176,7.584777,True
1983-06-03 08:52:17,1.008572364673228,0,-0.17762206911837394,3.806675e-07,False
1977-04-13 12:43:20,1.0429584869391275,0,-0.07444836875736728,2.5140518e-05,False
1988-10-04 09:32:09,1.0247070217868126,0,-0.12921090296267737,4.1014428e-06,False
2002-08-24 14:34:43,1.088088650200064,0,0.06096224560390213,5.311453e-05,False
1973-08-08 13:10:15,0.9348301733742324,0,-0.39888152635562374,2.8000695e-06,False
1986-09-22 06:17:42,1.1355801462383206,0,0.20345791126976318,0.0001370795,True
1999-11-23 02:59:42,1.1055572055236742,0,0.11337570120558711,1.9367913e-06,False
1991-06-22 02:59:33,0.9603217737648772,0,-0.3223953578923909,1.3018397e-06,False
2019-11-06 08:45:44,1.0855867174247271,0,0.0534553316084856,4.2353775e-05,False
1997-07-22 05:52:14,1.0164295912578338,0,-0.15404688564639007,4.4850196e-07,False
1972-10-07 13:29:14,1.0246040699409256,0,-0.129519804408936,4.033405e-06,False
1985-10-09 19:46:58,0.956286695681329,0,-0.33450239147721944,4.93451e-06,False
2011-01-09 09:03:17,0.8933444259835519,0,-0.523357267977213,8.670287e-07,False
1986-02-05 20:17:06,0.8920730963517032,0,-0.5271718237879015,8.144576e-08,False
1981-07-15 04:49:54,0.9319255223813768,0,-0.407596774584918,2.7380795e-06,False
1976-01-12 19:12:22,1.1849427564196264,0,0.3515677537376315,3.863983e-06,False
1997-12-30 20:42:07,0.9931577865393,0,-0.22387267723531173,9.867197e-06,False
1978-06-12 17:48:27,0.98473988433715,0,-0.24913013757809005,2.04281e-05,False
1992-01-19 16:38:13,0.8831631779290108,0,-0.5539055521936634,1.7983466e-05,False
2009-04-15 12:42:44,0.9553684487741996,0,-0.3372575416660368,6.0874445e-06,False
2020-06-02 03:00:23,1.13299702699133,0,0.19570740165646944,0.00013910655,True
2016-01-08 12:14:01,0.8596421148584896,0,-0.6244792299885829,5.212797e-05,False
1983-06-15 16:45:35,0.9732749167168812,0,-0.28353015293182243,5.416848e-06,False
1996-04-15 02:23:14,1.0415091055151031,0,-0.07879715934197469,2.2816235e-05,False
1994-12-05 16:40:46,1.0514087814600943,0,-0.0490937170136581,1.612177e-07,False
2018-01-22 03:49:32,0.8334527239395232,0,-0.7030590811976367,1.2424916e-05,False
1970-07-03 22:59:52,0.9661849019924852,0,-0.30480335870575126,1.8404481e-07,False
1972-06-08 05:59:47,1.1507502922498212,0,0.24897511402150943,7.593441e-05,False
1989-07-19 11:45:57,1.0534095155954388,0,-0.04309062243422708,8.901371e-07,False
1981-12-28 20:34:23,1.052346870745238,0,-0.04627903084262509,5.248073e-08,False
2018-06-06 08:57:04,1.2545532536747035,0,0.560430286425661,0.000476857,True
2002-09-10 05:12:11,1.0345535447608198,0,-0.09966694324944574,1.3232437e-05,False
2008-08-10 20:59:45,1.0074806770224245,0,-0.18089761887943318,6.331735e-07,False
2005-10-15 11:42:08,0.9690116814111698,0,-0.29632175992369697,1.4063446e-06,False
1993-02-13 23:02:20,0.854709470880782,0,-0.6392793615011793,2.7601702e-05,False
1998-12-14 22:40:42,0.9578178347152676,0,-0.3299082916052694,3.281332e-06,False
2001-02-07 09:43:58,0.9780254535823182,0,-0.26927642396179036,1.2955933e-05,False
2001-10-22 03:57:24,1.1181569659751722,0,0.15118060108324757,2.0394844e-05,False
2007-09-04 00:27:37,0.950021574084642,0,-0.3533005500291907,1.2592805e-06,False
1985-03-29 05:18:47,1.0836605960514545,0,0.047676108586818026,3.489968e-05,False
2021-04-12 23:30:07,0.9890660298870628,0,-0.23614977180048544,1.452612e-05,False
2001-11-07 15:15:42,1.146696016902989,0,0.2368104800863272,9.052081e-05,False
2019-11-04 15:42:50,0.7408097416083903,0,-0.9810293398290173,0.00034562478,True
1978-02-19 16:16:44,0.9134697246433944,0,-0.46297239766383336,1.4763963e-06,False
2005-07-24 11:19:50,1.0092738861893424,0,-0.17551719174544148,2.520691e-07,False
2014-04-08 10:26:02,0.9012264485642238,0,-0.49970768545992533,1.5781075e-06,False
1980-01-20 12:40:39,2.702154211115661,1,4.903878677331715,8.65471,True
2013-09-13 03:25:43,0.9410766028609162,0,-0.3801394524689037,2.935723e-06,False
1994-05-29 14:04:41,0.7447571952588845,0,-0.969185218617102,0.0002934722,True
1989-07-22 01:09:18,1.1198788171858345,0,0.15634692252831725,2.8338694e-05,False
2011-08-16 07:03:17,1.0198222233262628,0,-0.143867476588383,1.5013786e-06,False
1990-06-12 04:58:27,1.0118587019071297,0,-0.16776159196326215,6.2137184e-09,False
2013-05-01 19:48:00,0.9490130773509134,0,-0.35632648994228044,6.1968154e-07,False
1997-03-24 15:08:04,1.1708018457129534,0,0.3091387158600781,2.2624958e-05,False
1992-02-14 09:49:33,1.616673961259241,1,1.6469538871369236,0.4637522,True
1972-12-21 03:06:06,2.668570984674709,1,4.8031140224752775,8.2338915,True
2001-07-23 18:03:01,1.008942912265795,0,-0.17651026110497386,3.0944216e-07,False
2010-08-09 11:01:29,1.0269890225687286,0,-0.12236388302026097,5.754796e-06,False
2003-01-23 03:35:48,0.9555049552181122,0,-0.33684796146293394,5.9087724e-06,False
2012-07-02 17:50:57,0.941863633003031,0,-0.3777780110877056,2.5193367e-06,False
1970-12-28 08:01:19,0.9655929814449918,0,-0.30657938429922643,7.317873e-08,False
1987-04-24 08:40:23,1.0369246956378282,0,-0.09255243326767307,1.6208762e-05,False
2022-04-02 21:50:03,1.0450771975209563,0,-0.06809129223007081,2.1697784e-05,False
1978-06-28 09:50:38,1.013573204777699,0,-0.162617318815265,4.077998e-08,False
2014-02-01 12:50:03,0.9315636033102954,0,-0.40868269318620554,2.730392e-06,False
2021-11-29 09:44:52,0.8935959112440727,0,-0.5226027000525852,1.1213457e-06,False
1999-05-18 05:34:43,1.077824391422882,0,0.030164892203137568,1.6713217e-05,False
2007-09-05 03:51:47,1.1226580998045672,0,0.1646860097305998,4.3910524e-05,False
2010-07-06 14:45:29,0.9436337634449596,0,-0.3724668304200164,9.987825e-07,False
1981-12-11 12:00:19,0.802024711620236,0,-0.797357132629501,1.6386704e-05,False
1997-06-09 21:44:04,0.996480361225685,0,-0.21390347156363573,6.7451274e-06,False
1998-07-14 20:54:23,1.1032039871565718,0,0.106314996750051,6.2254626e-06,False
1997-11-11 04:19:47,0.940032573426305,0,-0.38327200632949043,2.9127893e-06,False
1997-12-18 09:09:35,0.9751431013688848,0,-0.2779247659092792,7.995573e-06,False
1973-06-01 12:48:45,1.103386085901782,0,0.10686137418770353,5.8067453e-06,False
2022-10-26 19:54:27,0.955698664296644,0,-0.3362667478480023,5.658933e-06,False
2001-03-10 14:48:51,1.0275910387198337,0,-0.12055756611408858,6.237403e-06,False
2001-02-20 12:35:24,0.9802168296613248,0,-0.26270131853974266,1.752463e-05,False
2009-04-27 19:02:51,1.0423353080778512,0,-0.0763181832309927,2.4127197e-05,False
1983-12-14 04:46:36,0.9774860028100328,0,-0.2708950168321611,1.1937321e-05,False
2001-11-08 20:14:39,0.9605646964941996,0,-0.32166648137958764,1.1576753e-06,False
2011-03-01 12:40:09,2.76486894623918,1,5.09205084864603,9.468643,True
1998-10-12 09:35:19,0.9733433926379564,0,-0.28332469463360743,5.5025e-06,False
2024-01-29 20:15:22,1.176393216498564,0,0.3259153215378274,1.334477e-05,False
1973-10-08 14:36:40,0.9768103372129808,0,-0.2729223149181572,1.071962e-05,False
2000-03-19 16:57:14,0.8940345706916912,0,-0.5212865261013861,1.6430058e-06,False
2010-04-26 23:00:28,0.9977610909646986,0,-0.21006071123972855,5.6999847e-06,False
1980-10-30 11:51:02,1.154456104122155,0,0.2600942021453135,6.372257e-05,False
1971-10-01 00:36:56,0.9802786404160028,0,-0.2625158587128708,1.7663386e-05,False
1985-07-02 10:04:36,0.8440990028338697,0,-0.671115497093816,7.788175e-07,False
1997-06-14 21:06:01,1.039283849860676,0,-0.08547391859796614,1.946807e-05,False
1973-10-06 05:09:24,0.9140238853991168,0,-0.4613096682836311,1.7607921e-06,False
1992-12-30 15:34:55,0.9198661246756844,0,-0.44378034526497695,6.281021e-06,False
1984-11-16 13:08:54,0.966231153966586,0,-0.3046645821586292,1.9475698e-07,False
1986-04-29 13:43:57,1.1683350945617803,0,0.3017373624254486,2.7492835e-05,False
2002-09-27 17:17:23,0.9264226861275372,0,-0.42410773718776923,6.010774e-06,False
1999-02-23 16:11:30,2.3931418584961857,1,3.9767038237533954,5.1939616,True
1972-11-30 09:22:03,1.0319491182342126,0,-0.10748138420299592,1.0311424e-05,False
2023-09-23 10:45:50,0.6959275992515166,0,-1.115695780879869,0.0013767784,True
1974-07-16 19:24:36,1.0899805434429874,0,0.06663876897141119,6.205898e-05,False
1991-04-01 05:05:57,1.012060224002526,0,-0.16715693581373273,2.1009363e-09,False
1980-12-19 03:34:22,1.0624299226601115,0,-0.016025378833096016,5.0538534e-07,False
1997-10-23 10:18:05,1.068070355164806,0,0.0008984338796550749,1.0972044e-06,False
1974-09-13 12:55:03,0.9632130060826763,0,-0.3137203716719616,1.3459109e-07,False
1984-06-17 15:01:36,1.4442201291857666,1,1.1295154897837874,0.13116676,True
1996-07-14 12:14:59,0.8632517024253504,0,-0.6136488576898304,7.497424e-05,False
1971-04-17 14:19:45,0.9729717524780652,0,-0.2844397808361816,5.045687e-06,False
1982-12-31 06:30:17,0.8036564750585329,0,-0.7924611146737386,2.1635222e-05,False
2023-02-20 15:02:23,0.9763039831150588,0,-0.2744416030068691,9.849886e-06,False
2021-02-18 05:54:09,0.7632507365309423,0,-0.91369634810525,0.000105918996,True
1995-09-07 16:26:42,1.100923574070694,0,0.09947274060373938,1.270454e-05,False
1980-11-24 20:26:47,1.012834788141025,0,-0.16483289800226036,6.5638535e-09,False
2023-11-02 06:17:08,0.9104481385324352,0,-0.47203850339149894,3.6611763e-07,False
2024-11-29 21:30:20,1.0783105202716223,0,0.03162349552540038,1.797541e-05,False
1997-08-07 12:42:05,1.0485732852864456,0,-0.05760146994760659,5.325935e-06,False
1982-12-09 23:53:49,1.0646906694123075,0,-0.009242130457500537,3.7667872e-11,False
2025-02-09 14:55:09,1.0849376711808134,0,0.05150790345208663,3.9760656e-05,False
1979-06-09 01:16:09,1.060143831754694,0,-0.022884670969896964,2.0266718e-06,False
1983-01-24 01:21:55,1.1924708056576914,0,0.3741552583822382,2.3022473e-07,False
1994-07-10 16:55:56,0.94123036467808,0,-0.3796780984514793,2.9389919e-06,False
1995-08-19 17:22:15,0.9096460993392526,0,-0.47444497861878193,1.9641767e-07,False
2014-01-07 00:22:31,1.734098561803492,1,1.9992800511015645,0.8476298,True
1970-04-11 07:25:22,1.19692216794452,0,0.38751133020761536,1.5895807e-07,False
1989-07-19 08:27:49,0.9824106339259866,0,-0.2561189274779458,2.2787703e-05,False
1996-06-04 22:53:57,0.9755555902488372,0,-0.27668711533113716,8.6323835e-06,False
2017-09-09 08:16:02,0.9614639237085302,0,-0.31896839875048555,6.974266e-07,False
2000-05-16 21:15:39,1.04835618324325,0,-0.05825287288799096,6.0210446e-06,False
1975-07-23 18:13:48,1.117294237556394,0,0.14859203111645514,1.690491e-05,False
1999-09-11 10:39:04,0.9666494845400436,0,-0.30340940389502574,3.0618486e-07,False
1975-09-01 12:08:24,1.0778169911938418,0,0.03014268821608446,1.6694337e-05,False
2021-06-01 09:42:39,1.005773496512277,0,-0.1860199216809553,1.1563291e-06,False
1990-01-05 19:48:05,0.9280455087059384,0,-0.419238545798629,2.8459363e-06,False
2020-08-11 02:13:48,0.7299201274415164,0,-1.0137030382592185,0.0005115872,True
2022-01-17 14:36:03,1.0327727730907614,0,-0.10501005234669278,1.1195989e-05,False
1979-11-16 01:24:20,1.1189492762327735,0,0.15355788516543017,2.3887718e-05,False
2020-11-29 05:31:16,1.0036485374453443,0,-0.1923957464499071,2.0258658e-06,False
1978-07-30 02:55:07,1.1243957699287552,0,0.16989979497026436,5.537135e-05,False
1985-08-24 21:47:40,0.925359278215642,0,-0.42729843512151683,8.7189355e-06,False
1971-11-07 14:29:17,0.9178231936174808,0,-0.4499100494295644,4.3839646e-06,False
2003-06-05 03:08:15,1.1000260223276035,0,0.09677968513548874,1.5881433e-05,False
2023-10-18 06:19:17,0.9173079139903388,0,-0.451456118086035,3.959113e-06,False
1981-09-16 06:05:15,0.9068732514453152,0,-0.4827647587772866,1.35785605e-08,False
2012-08-03 02:47:00,1.1093371346452925,0,0.12471717412783165,1.4486052e-07,False
1985-04-18 08:07:55,1.077050527201004,0,0.027842954453636777,1.4798801e-05,False
2022-09-13 01:54:43,0.9961886838680916,0,-0.21477863370206257,6.995635e-06,False
2012-05-31 22:05:48,1.054409870878784,0,-0.04008911050274802,2.6113273e-06,False
1996-06-22 00:21:42,0.9188038936764088,0,-0.4469675119360534,5.252341e-06,False
1976-03-19 13:14:33,0.8635605681626973,0,-0.6127221227474489,7.712299e-05,False
1977-01-22 20:11:00,0.9753705397906244,0,-0.27724234922403385,8.343608e-06,False
2003-02-27 05:34:14,0.927823419271656,0,-0.4199049131362662,3.2100313e-06,False
2021-05-24 01:50:57,1.0711224964375925,0,0.010056218718052293,3.9957818e-06,False
1988-08-21 19:54:19,1.0946839711494525,0,0.08075114945746908,4.2119416e-05,False
1989-01-18 06:12:04,0.9139873182806512,0,-0.46141938594514786,1.7410745e-06,False
2019-03-30 17:50:17,0.9544244289163302,0,-0.34009002219982604,6.6418856e-06,False
1981-04-20 11:21:01,2.5632417927831743,1,4.4870794780898775,6.98208,True
1976-11-14 02:18:07,1.0302999593490867,0,-0.11242959625627574,8.650342e-06,False
2017-11-23 11:46:45,2.739675691328804,1,5.01645984966272,9.1372795,True
2001-09-25 00:55:35,1.0336089605408794,0,-0.10250111712111028,1.2131063e-05,False
1979-09-23 12:58:49,1.06335330770812,0,-0.013254811930425792,1.789331e-07,False
2020-12-24 13:30:53,2.2663056680222677,1,3.596138693155199,4.0524645,True
2019-03-12 19:07:38,0.9353159631013472,0,-0.3974239405494594,2.810352e-06,False
2013-03-07 04:59:15,1.0422408822669065,0,-0.07660150277046929,2.397607e-05,False
1972-05-22 10:12:00,0.9638900963441924,0,-0.3116887989572827,3.4406412e-08,False
2020-08-28 13:09:42,2.330046431461035,1,3.7873894069449,4.608435,True
1980-08-21 09:30:31,1.0550209898062166,0,-0.03825548120845537,4.107843e-06,False
2011-06-11 21:10:43,1.108617321943006,0,0.12255741503992186,1.8590334e-09,False
1989-01-29 11:32:52,0.9597162288131936,0,-0.3242122627738719,1.6981644e-06,False
2008-10-01 14:17:38,1.0108452529788514,0,-0.1708023906682984,5.992521e-08,False
1978-10-23 03:18:19,0.9231003305578837,0,-0.43407628541154175,9.979761e-06,False
2023-11-13 00:18:12,1.0844001183391967,0,0.04989500522005273,3.767665e-05,False
2007-01-25 19:00:41,0.9203858324845788,0,-0.4422209900886207,6.817691e-06,False
1994-01-01 22:04:25,0.9729531039598176,0,-0.28449573470672795,5.023085e-06,False
1997-01-01 05:00:13,1.0297952655727505,0,-0.1139439026398547,8.170921e-06,False
1996-08-16 09:44:38,0.963275366240201,0,-0.31353326339155807,1.2258239e-07,False
2014-05-06 02:39:46,1.0361302412471578,0,-0.09493615070518124,1.5177465e-05,False
1990-07-09 01:38:24,0.9135882342036304,0,-0.4626168161369848,1.5349038e-06,False
1971-10-26 15:08:09,0.918639834552426,0,-0.4474597624657409,5.101403e-06,False
2022-08-13 14:48:45,1.0107085154572777,0,-0.17121266420742742,7.1360105e-08,False
2016-12-11 17:07:35,0.934755482206298,0,-0.39910563316593756,2.7984738e-06,False
2018-06-02 12:19:19,0.9540929695796548,0,-0.3410845480151987,6.1223477e-06,False
1971-04-02 21:21:30,1.0080060923963552,0,-0.17932113846283354,5.036072e-07,False
1984-11-06 04:31:38,1.0156491512218009,0,-0.15638855377066266,2.9365088e-07,False
1990-04-12 16:27:40,1.0555867497543632,0,-0.03655794907863395,5.79422e-06,False
1995-10-24 17:02:35,1.026454798702178,0,-0.12396679284263012,5.3427125e-06,False
1991-09-07 17:09:11,1.145187636998089,0,0.2322846677503124,9.6272954e-05,True
1972-09-23 12:12:22,1.045402885820766,0,-0.0671140820987331,1.9706078e-05,False
1970-09-01 07:43:31,1.076840394235636,0,0.02721246185440707,1.4299371e-05,False
2007-04-28 19:13:17,0.9500939637594285,0,-0.3530833487246095,1.3137683e-06,False
1978-12-08 10:07:33,0.8575139380392157,0,-0.6308647094494279,4.0597508e-05,False
2019-03-22 06:07:21,0.9819890547084548,0,-0.25738385312241696,2.1722919e-05,False
2008-10-17 02:47:42,1.108372306385195,0,0.12182225910841238,5.141519e-09,False
2002-06-14 14:34:10,1.1321453113782538,0,0.19315187501764663,0.00012897185,True
1993-02-07 01:06:23,1.1436617520485484,0,0.22770633247447386,0.00010227369,True
1975-02-21 07:05:54,1.0259105410371985,0,-0.12559980853458727,4.9387477e-06,False
1987-05-09 01:50:21,1.115178410777195,0,0.14224360728300203,9.730992e-06,False
2019-09-10 00:21:35,0.9769767124816912,0,-0.2724231149214648,1.1013553e-05,False
2004-11-29 01:40:08,0.9262329348655812,0,-0.4246770755880919,6.457164e-06,False
2002-03-04 20:28:00,0.8595452420283309,0,-0.6247698916768833,5.1571737e-05,False
2021-07-28 23:50:48,1.045269453195574,0,-0.06751443947498775,2.0510417e-05,False
2017-07-30 15:48:54,1.0107597795336831,0,-0.17105884911837962,6.694062e-08,False
1979-07-05 07:52:17,1.07511402014824,0,0.022032569762281802,1.05188565e-05,False
1984-12-10 02:53:44,0.8489947633198208,0,-0.656426032503687,8.463696e-06,False
1993-10-04 04:54:34,0.9866889277344548,0,-0.24328213826286782,1.7644854e-05,False
2018-05-24 13:56:09,0.920601309252196,0,-0.4415744636997195,7.0471233e-06,False
1989-09-12 03:58:25,1.0895700738227465,0,0.06540717707283783,6.0058992e-05,False
2001-11-17 17:53:51,1.1431528103332285,0,0.2261792803796901,0.00010431638,True
2013-09-18 00:22:14,1.0946209747149096,0,0.08056213206228043,4.2503638e-05,False
1978-09-20 11:54:54,1.0054924395295066,0,-0.18686321795904381,1.2572746e-06,False
1982-10-27 05:01:29,1.0636123007903575,0,-0.012477717192737475,1.1717514e-07,False
2003-01-04 20:27:13,1.050273038572068,0,-0.05250145213162972,1.3575522e-06,False
2002-06-27 12:48:06,0.888191039484067,0,-0.5388197254893122,2.8447296e-06,False
1988-11-05 20:07:16,1.0193641513608491,0,-0.14524189674945592,1.3231789e-06,False
1994-06-26 21:00:59,0.8021430842662927,0,-0.797001961906244,1.6741846e-05,False
2007-12-08 15:19:29,0.853857492773926,0,-0.6418356757383933,2.4149012e-05,False
1978-04-07 19:18:40,0.8967445991482529,0,-0.5131552322676417,4.669518e-06,False
1994-05-15 22:03:52,0.9935204154476877,0,-0.22278462880557262,9.497574e-06,False
2023-09-14 20:36:28,0.9320053956356988,0,-0.4073571192046296,2.739855e-06,False
2008-10-15 12:13:58,0.917248780179073,0,-0.45163354588896,3.911934e-06,False
1996-01-26 17:31:30,1.0357480738031175,0,-0.09608282345456093,1.4693856e-05,False
1980-08-09 10:10:58,0.9629470748508008,0,-0.31451828395244497,1.9184814e-07,False
2005-06-05 02:02:17,0.7594991119057479,0,-0.9249528949165965,0.0001363989,True
1996-09-28 08:27:44,1.0405888870265347,0,-0.08155822515428253,2.1399861e-05,False
1991-04-01 14:50:23,1.1360896671572585,0,0.204986701233681,0.00013473573,True
2000-09-10 22:46:54,1.0787597118610048,0,0.03297127059841565,1.918227e-05,False
2001-08-02 16:57:20,0.980529438547992,0,-0.26176335248024396,1.8232284e-05,False
2024-01-25 16:54:31,0.9142456977116412,0,-0.46064413243484287,1.881429e-06,False
2007-09-20 17:19:58,1.0431972137660943,0,-0.0737320818226805,2.5534528e-05,False
1988-10-21 15:41:02,1.0474698719584998,0,-0.06091220196884154,9.299929e-06,False
2021-09-30 17:13:27,0.995832148527297,0,-0.21584839871176043,7.3077995e-06,False
2022-12-03 03:43:02,0.9564095783994294,0,-0.33413368852668596,4.789679e-06,False
1986-12-02 09:21:18,1.0766638166148308,0,0.02668265025196663,1.3885935e-05,False
2025-04-12 10:50:47,0.9596713960756644,0,-0.32434678097840897,1.7296109e-06,False
2023-10-16 17:08:31,0.8547990766368496,0,-0.6390105042757075,2.7978127e-05,False
1976-05-27 05:06:29,0.8841036914439445,0,-0.5510835922522402,1.4159423e-05,False
1977-05-09 03:33:52,0.878293919906623,0,-0.568515497575044,4.5080014e-05,False
1975-12-03 14:27:31,1.107896778275219,0,0.12039546272955602,8.687459e-08,False
1986-07-27 00:24:20,1.016033705284511,0,-0.15523472010102538,3.6586522e-07,False
2007-04-23 01:55:53,0.8685047712850531,0,-0.5978873086464195,0.00011562136,True
1987-04-05 10:36:44,1.0186852210831034,0,-0.14727899033332925,1.0796415e-06,False
1972-11-16 15:30:06,1.0806852843221688,0,0.03874884663898471,2.4801047e-05,False
1999-03-26 20:38:37,0.9103219046597713,0,-0.47241726130007994,3.360001e-07,False
1999-12-16 11:32:26,0.8421751971063197,0,-0.6768877721457159,7.428426e-09,False
2008-03-09 10:33:12,0.9418117618885176,0,-0.37793364756176967,2.574412e-06,False
2019-05-11 04:57:06,0.8840774167408242,0,-0.551162428078096,1.4260081e-05,False
1999-07-14 11:21:33,0.8769059950255007,0,-0.5726798911260582,5.5044067e-05,False
1976-05-16 23:49:17,0.9292080177936134,0,-0.41575050014604686,2.6809785e-06,False
1970-10-29 07:12:30,1.173541690807622,0,0.3173594729040683,1.7772774e-05,False
2009-11-02 19:30:54,0.8768067458612258,0,-0.5729776828763696,5.579484e-05,False
1985-07-07 17:12:52,1.0990478538048962,0,0.09384474337951029,1.9747773e-05,False
2001-04-13 21:29:08,0.8320025058129306,0,-0.7074103822630537,1.7018076e-05,False
1974-06-06 07:09:05,1.0212879123125027,0,-0.13946975604521183,2.1471208e-06,False
1996-05-11 18:00:14,0.918090228939166,0,-0.4491088243873129,4.6128903e-06,False
2015-06-01 05:50:12,1.0411670677837468,0,-0.07982342505854001,2.2285034e-05,False
1993-01-18 05:18:00,0.9181226462743064,0,-0.44901155792625597,4.640968e-06,False
1977-11-26 02:59:42,1.1000713591202196,0,0.09691571573005625,1.571276e-05,False
2008-08-16 10:33:51,1.0928635591442484,0,0.0752891016782472,5.3926895e-05,False
2010-11-21 04:43:33,1.070713687028729,0,0.008829608193937853,3.5023038e-06,False
2012-05-10 08:16:55,1.098560872829914,0,0.0923835832985394,2.1828822e-05,False
1975-08-07 23:17:04,0.94831563994687,0,-0.35841911315780073,3.0863035e-07,False
1988-12-11 20:26:43,1.0294328052629564,0,-0.11503144519863089,7.835176e-06,False
1978-09-12 02:55:03,0.9744210001724408,0,-0.2800913915001537,6.939624e-06,False
2010-07-20 20:14:12,0.9693161278179274,0,-0.2954082849437645,1.6062357e-06,False
2012-02-09 17:01:55,1.1377062881826132,0,0.20983728519826672,0.00012743077,True
1977-02-27 09:12:47,1.1503706528797093,0,0.24783602662124135,7.724657e-05,False
1998-06-15 08:10:47,1.1351324696098306,0,0.20211468175498137,0.00013915787,True
2014-11-12 00:13:58,0.9285227622701946,0,-0.41780657228751217,2.6664566e-06,False
2019-02-19 07:39:12,0.9411251003445223,0,-0.3799939383919412,2.9367443e-06,False
2014-11-27 06:33:01,1.001493674352865,0,-0.19886129663039154,3.1547402e-06,False
1976-12-05 20:10:46,0.9337944212639434,0,-0.4019892445521942,2.777971e-06,False
2018-01-16 00:17:48,1.045779430004654,0,-0.06598428163735176,1.752282e-05,False
2003-10-02 18:28:51,0.9452911398547622,0,-0.36749396212832336,2.0154908e-07,False
1978-06-22 05:12:34,0.9721381589844912,0,-0.2869409330354275,4.0928167e-06,False
1978-12-30 21:19:53,0.9709826703654654,0,-0.2904079141514735,2.936642e-06,False
2007-08-13 12:38:26,0.8480899405696156,0,-0.6591409042355914,6.424641e-06,False
1979-05-19 09:10:42,0.9950479299390405,0,-0.21820140417764708,8.018679e-06,False
1973-01-31 13:40:02,0.9218017081659586,0,-0.4379727316729289,8.3922305e-06,False
2000-01-05 06:07:34,1.0299244605013442,0,-0.11355626024308137,8.292209e-06,False
1988-11-30 14:26:24,3.076134157574536,1,6.025985282973542,14.049553,True
2020-05-31 11:11:47,1.0489308445559362,0,-0.05652863269522719,4.274105e-06,False
2016-01-12 14:39:15,0.9938029193226822,0,-0.22193699120560945,9.214626e-06,False
2012-12-25 12:45:32,0.8625094835800486,0,-0.6158758451982009,6.9937916e-05,False
1993-05-01 22:59:11,0.9092035114435084,0,-0.47577293966614315,1.2526813e-07,False
1984-01-29 18:19:18,1.0080931960358446,0,-0.17905978870284786,4.836536e-07,False
2003-04-17 19:05:06,0.9652847804421462,0,-0.3075041247416838,3.5307778e-08,False
2021-12-15 13:38:02,1.0908517308391017,0,0.06925271964226407,6.64109e-05,False
1980-06-17 14:17:53,0.8824175915815433,0,-0.5561426437101777,2.1339038e-05,False
1988-08-27 01:47:37,0.9964192191928454,0,-0.2140869249267941,6.797163e-06,False
1992-01-29 00:25:44,0.7932613904273564,0,-0.8236510039747459,6.514209e-07,False
1991-09-17 15:07:35,1.033844915120041,0,-0.10179314816604788,1.2401921e-05,False
2009-01-31 14:12:45,2.611140023830264,1,4.630795530154738,7.53855,True
1985-06-03 21:55:23,0.8690503375393064,0,-0.5962503666031107,0.00012034475,True
1991-11-20 01:24:22,0.9906378766606362,0,-0.23143353055711324,1.2630079e-05,False
1987-04-03 22:30:23,0.9879048922385788,0,-0.2396337025239383,1.601151e-05,False
1985-04-09 08:58:02,0.9968382388946324,0,-0.2128296789709043,6.4441447e-06,False
2004-10-01 10:25:11,0.952986038523911,0,-0.3444058347884639,4.4384205e-06,False
2020-11-08 05:03:43,1.1525984292636051,0,0.25452034918969024,6.9709306e-05,False
1987-10-03 10:42:17,1.2146207478374251,0,0.4406149620904341,1.5146075e-05,False
1986-09-19 12:18:06,0.8300477586156421,0,-0.7132754955216826,2.4349189e-05,False
1994-05-16 20:04:04,1.1310463282024057,0,0.1898544354282113,0.00011645895,True
1987-07-23 18:58:25,1.0738261876750894,0,0.018168498068690787,8.075766e-06,False
1988-03-27 16:57:13,0.9690608630200582,0,-0.2961741931658203,1.4376893e-06,False
1990-10-25 19:09:36,0.9142629906246772,0,-0.460592245984427,1.8910886e-06,False
1999-01-13 01:07:50,0.8534966008247733,0,-0.6429185125158773,2.2755561e-05,False
2002-07-16 00:45:12,1.3295333888957763,1,0.785404127456828,0.022839166,True
2004-03-30 12:33:52,1.0219628582415956,0,-0.1374446172840096,2.4833266e-06,False
2014-08-11 14:59:55,0.9153766863537914,0,-0.45725066217452714,2.5597053e-06,False
1974-06-30 10:25:08,1.0358347499085747,0,-0.09582275648731906,1.4802871e-05,False
1977-05-12 21:14:42,0.907612559287738,0,-0.48054650557563616,1.0707915e-09,False
1979-10-05 08:24:20,1.0861454818985157,0,0.05513187419578998,4.4651628e-05,False
2006-09-23 05:20:25,1.0765899960278569,0,0.026461155572746184,1.3714858e-05,False
1990-08-01 09:11:05,1.1123327132821077,0,0.1337052458357341,3.1868994e-06,False
1972-11-18 00:05:15,0.9252668677620036,0,-0.42757570769038006,8.978145e-06,False
2005-08-17 16:26:42,0.9400848846369642,0,-0.3831150493707401,2.9140103e-06,False
1982-12-30 03:11:45,0.8646524076608948,0,-0.6094461173764958,8.4956824e-05,False
2006-09-20 15:42:28,0.9046682588774452,0,-0.48938071973783004,3.152885e-07,False
2018-02-16 19:03:35,0.9167764572626208,0,-0.45305072525797535,3.5436697e-06,False
2000-06-24 14:25:10,1.1271221032184644,0,0.1780800105741518,7.698669e-05,False
1976-09-01 03:51:00,0.8076774036127852,0,-0.7803965359863985,3.767976e-05,False
2017-06-03 06:33:18,0.9739216241595212,0,-0.28158974222216976,6.2528197e-06,False
2022-11-11 19:46:22,0.8976399024968574,0,-0.5104689229854596,3.9213705e-06,False
2023-11-17 11:29:37,0.9401537202640936,0,-0.3829085117939614,2.9153332e-06,False
2016-09-01 20:17:46,0.8919082842049546,0,-0.5276663337216766,4.0683744e-08,False
1993-07-16 00:42:46,0.9709841816921452,0,-0.2904033794974987,2.93797e-06,False
1975-07-26 07:34:15,0.991085678944234,0,-0.23008992402097533,1.2114358e-05,False
1975-06-05 17:55:45,0.6908002671485535,0,-1.1310800635841478,0.0015795965,True
2000-05-31 06:51:30,1.0391044770092537,0,-0.08601211713871583,1.9209885e-05,False
2011-01-04 06:28:23,0.9145702249922214,0,-0.45967040587891894,2.065507e-06,False
1990-02-06 05:16:56,0.9652714542983624,0,-0.3075441091154694,3.3998553e-08,False
2021-06-12 07:42:22,0.9648100003761844,0,-0.30892867665492757,3.699868e-09,False
1995-10-28 07:43:24,2.0385356771597776,1,2.91272715268672,2.3710783,True
2011-01-13 15:38:29,1.0090675398312536,0,-0.17613632283429798,2.8714663e-07,False
2008-08-19 17:58:43,0.8748768865307491,0,-0.5787681214364903,7.140202e-05,False
1991-12-29 19:31:16,0.9849761548477411,0,-0.24842122068785819,2.0079786e-05,False
2021-12-27 11:59:08,0.9584638825618784,0,-0.32796985997783346,2.6844932e-06,False
1975-05-21 14:55:41,1.0849355087918091,0,0.05150141532081471,3.9752766e-05,False
1971-01-29 15:01:41,1.023227943607167,0,-0.13364879705661536,3.178977e-06,False
2024-12-19 19:28:38,1.0444161685289453,0,-0.07007467397414491,2.6035661e-05,False
1996-11-16 21:50:21,0.8487414816549135,0,-0.6571859904425327,7.8649855e-06,False
2023-12-21 01:26:48,0.951324240282944,0,-0.3493919705454463,2.417363e-06,False
2020-08-20 04:24:20,1.051593381968268,0,-0.048539833171522176,7.697971e-08,False
1993-07-27 02:02:49,1.2414837613280347,0,0.5212159813982254,0.000115379225,True
2023-06-13 16:43:45,0.9622258875732044,0,-0.31668216737923927,3.9831724e-07,False
2023-01-02 11:38:33,0.9512326780782596,0,-0.3496666979891939,2.3237612e-06,False
2017-11-14 03:18:54,1.0516115532143282,0,-0.04848531133036447,7.0362496e-08,False
1994-09-28 15:47:43,0.914804186954498,0,-0.4589684156630654,2.2036027e-06,False
1971-03-04 02:46:24,0.9555809989720616,0,-0.33661979629142563,5.8099417e-06,False
2005-04-04 01:56:17,1.1436714088007154,0,0.22773530703714295,0.00010223542,True
1973-04-25 03:45:43,0.8592200795534919,0,-0.6257455240988316,4.972656e-05,False
2003-11-02 20:51:37,1.0448549280518542,0,-0.06875819975244883,2.311222e-05,False
1984-06-24 09:54:56,1.0211231574341784,0,-0.13996409414817693,2.068978e-06,False
2005-03-10 16:59:04,0.8465457001635621,0,-0.6637743140660892,3.5928722e-06,False
2021-12-21 13:17:21,1.017563406805783,0,-0.150644933408095,7.3163466e-07,False
1991-03-18 18:38:58,0.9701999786232296,0,-0.2927563383984422,2.2622073e-06,False
1975-03-01 21:08:49,0.9226929076606812,0,-0.4352987357823956,9.466831e-06,False
2016-04-13 06:49:48,1.1137524243004886,0,0.13796501197269426,6.0066104e-06,False
2019-04-04 05:34:18,1.001404004847988,0,-0.19913034513071878,3.2072019e-06,False
1990-06-26 08:16:37,0.9823257878351516,0,-0.25637350358527555,2.2571689e-05,False
1992-07-22 15:12:38,1.1049832678704576,0,0.11165363231392879,2.7584347e-06,False
1993-08-21 03:46:04,1.0101063084805748,0,-0.17301955367548666,1.3378323e-07,False
2023-10-14 22:52:04,1.0068063099560045,0,-0.1829210207944885,8.2125104e-07,False
2014-02-01 23:18:38,1.0939896572997756,0,0.07866789829791336,4.645054e-05,False
1975-06-04 05:36:54,2.700832475431316,1,4.899912880886319,8.637949,True
1974-10-17 23:03:06,1.2481983351706512,0,0.5413626971090858,0.00018775066,True
1988-10-04 12:02:51,0.8876407017148299,0,-0.5404709842053007,3.8658577e-06,False
2022-02-21 20:22:23,1.1604721364438828,0,0.2781449817977668,4.6176334e-05,False
1996-04-15 06:28:33,1.7402683744162648,1,2.0177922402013238,0.8709557,True
1980-07-08 23:10:41,1.055338368058484,0,-0.03730320492538606,5.018294e-06,False
2016-09-13 20:26:02,0.9372786659572118,0,-0.39153495676749117,2.8528784e-06,False
2005-06-02 07:23:12,1.1074059825909124,0,0.11892285681954519,2.755131e-07,False
2022-09-03 23:43:29,0.8416499900455896,0,-0.6784636275298223,1.7273383e-08,False
2002-05-03 08:36:28,0.8745010352139295,0,-0.5798958429877015,7.46649e-05,False
2006-01-08 15:46:12,1.0008527387194992,0,-0.20078438933843906,3.53851e-06,False
1988-01-06 12:56:47,0.9679354370664194,0,-0.29955097288007104,8.058753e-07,False
2022-11-28 09:50:59,0.9930017289224728,0,-0.22434091967547612,1.0028589e-05,False
1985-05-10 04:48:16,1.0722929813819129,0,0.013568195497188566,5.587639e-06,False
2005-01-09 16:03:40,0.9856862084226828,0,-0.2462907433338023,1.9051638e-05,False
1976-07-09 08:21:47,0.9598130357217556,0,-0.3239217988797575,1.631185e-06,False
2010-06-27 14:11:45,0.9331758815005496,0,-0.40384513966349156,2.764774e-06,False
1980-03-13 14:06:23,1.1884224936748564,0,0.36200851719824906,1.6354509e-06,False
2012-03-09 18:25:22,1.0834254216717294,0,0.04697048057797435,3.40391e-05,False
1977-01-20 17:33:12,0.9288463370149064,0,-0.4168357037639511,2.6731766e-06,False
1976-10-08 06:23:43,0.8167632261390292,0,-0.7531350168302935,7.55565e-05,False
2012-08-07 05:12:52,0.8382269023530262,0,-0.6887344170410963,2.3977564e-06,False
1972-04-18 10:42:18,0.9159787270513592,0,-0.45544427161802103,2.9636694e-06,False
2012-09-13 06:57:30,1.0547076610717778,0,-0.03919560713226562,3.2982648e-06,False
1986-08-05 11:17:09,0.9993553655810508,0,-0.20527717646692858,4.521305e-06,False
1991-01-22 18:57:17,1.0752847391039957,0,0.02254480275706004,1.086679e-05,False
1973-11-13 07:16:12,0.9304426907072574,0,-0.4120459308360469,2.7067074e-06,False
1971-07-24 19:33:10,0.8203234107665259,0,-0.742452875379541,6.75148e-05,False
1998-12-31 20:09:37,1.1066182640898024,0,0.11655935005440625,7.996137e-07,False
1973-01-06 00:47:24,0.9554304418148124,0,-0.3370715349000747,6.005807e-06,False
1970-01-04 03:52:49,1.0723460971240508,0,0.0137275664091343,5.6659096e-06,False
1981-08-02 11:20:50,0.974889794049223,0,-0.2786848008238282,7.6167394e-06,False
1986-08-28 09:18:46,1.0789841494348649,0,0.033644683401875326,1.9799789e-05,False
2010-11-21 10:12:06,0.8293147833201355,0,-0.7154747482587558,2.7435985e-05,False
1984-12-15 04:01:59,1.0050170615591945,0,-0.188289563851958,1.4380824e-06,False
1972-05-15 17:16:48,0.972372680837692,0,-0.2862372628971332,4.3507066e-06,False
2017-10-02 11:23:00,1.0558068386809734,0,-0.035897584156085724,6.5283566e-06,False
1984-05-18 11:08:16,1.0590012858320643,0,-0.026312818225308576,3.1673974e-06,False
1993-06-10 18:09:57,0.9954675905909908,0,-0.21694223508545302,7.634104e-06,False
1971-11-16 23:54:44,1.129356707606323,0,0.18478482019925282,9.8465855e-05,True
1992-06-10 13:22:18,1.0903345810715348,0,0.06770103973057992,6.380943e-05,False
2002-01-29 09:08:53,1.1126853571421942,0,0.1347633346680068,3.804576e-06,False
2003-01-25 21:52:25,1.003713536147668,0,-0.19220072135851907,1.995608e-06,False
2024-09-09 09:30:04,0.9396470048675898,0,-0.3844288839395301,2.9043522e-06,False
1986-11-04 21:39:17,0.8125033399267053,0,-0.7659165750485677,6.277782e-05,False
1974-06-15 16:21:26,0.9300904121427066,0,-0.41310292361881884,2.6995535e-06,False
2011-08-05 10:39:41,1.0198966668473244,0,-0.143644112829119,1.5313244e-06,False
2021-06-18 21:54:25,0.9540250711911232,0,-0.34128827345824764,6.011359e-06,False
2020-01-30 22:13:17,0.9222536989198096,0,-0.43661655785829645,8.928742e-06,False
2002-10-20 15:08:37,1.1045710480720774,0,0.11041678910049281,3.4376014e-06,False
2006-08-25 16:59:28,0.9236662029920116,0,-0.43237841577361597,1.0714352e-05,False
1980-12-14 01:12:29,0.9967586601084196,0,-0.21306845081555492,6.510436e-06,False
2008-03-10 22:18:54,0.8708798521900858,0,-0.5907610068280837,0.000109837616,True
2008-01-27 18:41:28,0.9694205583915873,0,-0.29509494665478875,1.6780294e-06,False
2019-03-19 02:41:26,0.9871840537609812,0,-0.24179653939519832,1.697053e-05,False
2018-06-15 18:04:35,0.9992318479698188,0,-0.20564778437997008,4.607579e-06,False
1990-01-20 06:57:04,1.0638114492230475,0,-0.011880183089798043,7.851128e-08,False
1978-09-10 05:28:56,1.1505655140050473,0,0.24842069689031568,7.6572e-05,False
1984-06-28 23:56:49,1.117686594954633,0,0.14976927827236655,1.8451561e-05,False
1993-01-10 07:46:13,1.6203274661151417,1,1.657916030886526,0.47310385,True
1989-08-31 16:14:58,0.9393676024286164,0,-0.3852672158484282,2.8982606e-06,False
1994-09-17 06:46:31,0.9405976159293404,0,-0.3815766268549276,2.9251114e-06,False
2023-09-09 04:02:42,0.9701892785034688,0,-0.29278844352915423,2.2535198e-06,False
2015-12-21 04:02:27,0.9946366150258013,0,-0.21943553233215082,8.404409e-06,False
2019-11-14 02:53:01,1.0989552707758634,0,0.09356695300750843,2.0134845e-05,False
2005-01-01 16:48:52,1.0859342633858875,0,0.054498124470709515,4.37753e-05,False
1974-06-29 03:09:48,1.0099264993769854,0,-0.17355906116727238,1.5620161e-07,False
2013-01-09 19:50:27,0.8761823704818308,0,-0.574851087437906,6.0634415e-05,False
1995-12-16 23:56:54,0.9832779684336972,0,-0.2535165371903955,2.2649912e-05,False
1995-10-08 21:21:35,0.9802415093925884,0,-0.26262726834069194,1.7579567e-05,False
2002-10-06 12:43:29,1.0551535475968743,0,-0.037857748725912674,4.476992e-06,False
2011-03-10 17:47:58,1.0771570158740518,0,0.028162467958530137,1.5055598e-05,False
2011-03-24 03:27:51,0.9188082164066558,0,-0.44695454181770755,5.256303e-06,False
1994-10-22 11:59:11,0.9491641353031328,0,-0.3558732487254049,7.0121473e-07,False
2005-10-31 04:01:23,0.9279112620443856,0,-0.4196413456469635,3.0634121e-06,False
1978-04-28 10:59:09,0.998148946278845,0,-0.20889697234367827,5.4004217e-06,False
1985-02-23 23:43:31,1.0994204680994693,0,0.09496275242051896,1.822522e-05,False
1976-11-21 04:33:37,0.9693661568257986,0,-0.2952581756110648,1.6404856e-06,False
1989-02-18 01:50:03,0.8623348456754247,0,-0.6163998367871335,6.8779336e-05,False
1987-01-06 16:32:15,1.0566846305869144,0,-0.03326381701064947,6.2598638e-06,False
2014-08-10 07:15:13,0.9281440617957218,0,-0.4189428425821877,2.6914313e-06,False
2019-01-27 18:48:46,1.1049235084034006,0,0.11147432726463592,2.852199e-06,False
1972-07-03 03:40:38,1.052573250563677,0,-0.04559979043933701,1.4537424e-07,False
2024-03-19 18:31:25,1.0780529190701151,0,0.030850577050574392,1.7300858e-05,False
1975-08-02 00:24:40,0.9331852708548136,0,-0.40381696741377043,2.7648732e-06,False
2005-03-30 15:51:14,0.9223283860352748,0,-0.4363924632071971,9.019091e-06,False
1973-01-14 08:03:14,2.8174450295544315,1,5.249802543477364,10.179173,True
1978-09-12 20:38:10,1.0109900279170254,0,-0.1703680012952995,4.888014e-08,False
2016-04-19 23:30:36,1.040710058916502,0,-0.0811946554510465,2.1584308e-05,False
1981-03-03 11:09:30,1.0011274078146668,0,-0.19996025957166527,3.3715596e-06,False
